customer_id,churn_probability,recency_days,frequency,monetary,archetype
C00001,0.486,67,14,1989.8999999999999,occasional
C00002,0.4306,29,5,387.94,occasional
C00003,0.1639,26,25,6629.57,occasional
C00004,0.5401,100,2,132.89000000000001,occasional
C00005,0.0406,18,30,5197.99,regular
C00006,0.0254,7,45,8679.85,new
C00007,0.0369,9,58,18639.06,new
C00008,0.1196,11,24,4396.1900000000005,regular
C00009,0.5555,23,8,3128.79,occasional
C00010,0.0529,50,28,6192.04,regular
C00012,0.9763,43,5,4145.85,dormant
C00013,0.9974,112,5,607.0699999999999,dormant
C00014,0.2005,17,25,8937.08,regular
C00015,0.0245,11,50,10380.65,regular
C00016,0.0536,27,38,4689.54,regular
C00017,0.0042,13,211,39388.590000000004,loyal
C00018,0.022,7,57,11995.65,regular
C00019,0.1033,5,4,306.2,loyal
C00020,0.9988,428,3,156.87,dormant
C00021,0.0029,4,222,48080.98,loyal
C00022,0.1007,33,15,4348.29,regular
C00024,0.1074,13,9,1281.53,occasional
C00025,0.0106,49,43,7787.81,new
C00026,0.4008,9,16,4734.07,occasional
C00027,0.016,21,33,8481.22,new
C00028,0.2816,44,15,1675.95,occasional
C00029,0.1746,149,19,1838.1399999999999,occasional
C00030,0.9961,511,9,2157.58,at_risk
C00032,0.2088,14,8,2998.52,regular
C00033,0.0778,3,8,3813.08,occasional
C00034,0.067,4,13,4208.72,regular
C00036,0.0254,7,58,15477.11,regular
C00037,0.0231,38,2,1484.94,regular
C00038,0.0053,4,94,23665.85,regular
C00039,0.0293,63,37,3816.4,new
C00040,0.1074,29,16,1708.1200000000001,regular
C00041,0.9973,400,12,1490.89,at_risk
C00042,0.0392,11,54,10937.22,new
C00043,0.0026,2,215,51941.0,loyal
C00044,0.3722,37,2,88.11,at_risk
C00045,0.0027,4,90,21307.989999999998,regular
C00046,0.0123,26,51,12082.14,regular
C00047,0.1969,7,4,709.7099999999999,at_risk
C00049,0.0102,3,2,125.9,regular
C00050,0.2519,19,9,1954.0099999999998,occasional
C00051,0.014,11,57,16168.99,regular
C00052,0.7422,15,33,7554.55,occasional
C00053,0.4858,40,23,7290.28,occasional
C00054,0.6472,11,5,2499.6,occasional
C00055,0.2335,1,25,4728.68,occasional
C00056,0.0051,0,44,5174.81,regular
C00057,0.9968,653,9,2450.78,at_risk
C00058,0.9975,245,6,3970.87,at_risk
C00059,0.9955,772,13,2656.96,at_risk
C00060,0.0032,17,40,11669.63,loyal
C00061,0.8703,13,36,6896.02,occasional
C00062,0.3649,49,17,7348.8099999999995,occasional
C00063,0.0018,0,203,42442.48,loyal
C00064,0.0168,10,9,1890.0700000000002,regular
C00065,0.2672,76,34,8727.05,occasional
C00066,0.9968,380,5,860.39,at_risk
C00067,0.4583,19,18,4072.94,regular
C00068,0.1387,13,25,2258.49,new
C00069,0.5507,182,4,153.69,occasional
C00070,0.5244,21,12,1174.57,at_risk
C00071,0.3205,14,11,1231.27,occasional
C00072,0.2424,37,7,1592.6499999999999,occasional
C00073,0.1407,34,15,2635.23,occasional
C00075,0.19,41,10,2520.32,occasional
C00076,0.2499,18,11,2651.7,occasional
C00077,0.1657,50,2,36.730000000000004,occasional
C00078,0.9,16,9,583.02,at_risk
C00079,0.0294,12,16,1787.53,loyal
C00080,0.2812,44,13,3496.6,occasional
C00081,0.2701,74,23,6752.2,occasional
C00082,0.9988,363,4,1081.3799999999999,dormant
C00083,0.21,0,27,3132.9,occasional
C00084,0.1438,36,3,301.18,occasional
C00085,0.9987,586,2,482.98,dormant
C00086,0.3223,24,26,2497.5099999999998,occasional
C00087,0.0189,23,39,5055.2300000000005,regular
C00088,0.0314,39,17,1993.81,regular
C00089,0.0014,27,84,15258.83,loyal
C00091,0.1821,25,21,4095.66,occasional
C00092,0.9909,489,15,4877.139999999999,at_risk
C00093,0.9974,701,11,948.09,at_risk
C00094,0.0024,3,249,40184.82,loyal
C00095,0.1989,26,14,2914.62,occasional
C00098,0.0765,16,7,2001.74,regular
C00099,0.1768,0,24,3704.8399999999997,occasional
C00100,0.0268,2,55,11506.15,regular
C00101,0.1211,29,2,87.89,occasional
C00102,0.7575,2,30,7983.06,occasional
C00103,0.9984,438,4,133.42,at_risk
C00105,0.9961,200,2,707.78,dormant
C00106,0.3579,4,30,3564.45,occasional
C00108,0.0513,7,2,411.87,new
C00109,0.9948,79,3,598.47,dormant
C00110,0.0118,3,3,443.98,regular
C00111,0.0782,27,73,18775.71,regular
C00113,0.0183,0,40,11959.62,regular
C00114,0.7051,44,3,78.5,occasional
C00116,0.9959,92,9,601.85,dormant
C00117,0.3169,118,11,1777.76,occasional
C00118,0.512,11,5,1439.75,occasional
C00119,0.0392,53,23,3931.1499999999996,new
C00120,0.9896,80,3,1516.08,dormant
C00121,0.0838,8,10,1313.6499999999999,regular
C00122,0.6604,50,17,2273.45,occasional
C00123,0.0307,23,9,946.78,new
C00124,0.0063,5,49,11375.9,regular
C00125,0.1768,23,21,4556.76,occasional
C00126,0.9985,344,3,3442.9300000000003,dormant
C00128,0.9677,65,2,503.53999999999996,dormant
C00129,0.0502,23,7,1375.76,new
C00130,0.1806,2,21,1782.92,regular
C00131,0.0208,5,19,3813.79,regular
C00132,0.0823,148,28,4982.599999999999,occasional
C00133,0.2766,25,7,2708.16,occasional
C00134,0.362,11,9,2566.9300000000003,occasional
C00135,0.3956,19,25,6942.72,occasional
C00136,0.7458,104,27,8412.34,occasional
C00137,0.9953,681,14,3721.96,at_risk
C00138,0.0246,2,70,13532.98,regular
C00139,0.028,16,39,6695.97,regular
C00140,0.0123,16,41,6922.51,regular
C00141,0.0533,1,59,12195.88,regular
C00142,0.0665,52,29,3783.4500000000003,new
C00143,0.2984,55,10,855.33,occasional
C00144,0.0336,12,50,11787.28,regular
C00145,0.9885,429,15,6938.12,at_risk
C00146,0.2913,4,18,5456.7,occasional
C00147,0.0007,5,154,30841.24,loyal
C00148,0.0713,19,38,7794.34,regular
C00149,0.0275,6,16,1823.31,regular
C00150,0.9968,526,2,1569.24,at_risk
C00151,0.0792,2,38,7694.19,regular
C00152,0.001,4,170,38452.47,loyal
C00153,0.0016,1,188,32369.94,loyal
C00154,0.3613,16,6,997.35,occasional
C00155,0.0171,4,154,28049.88,loyal
C00156,0.0093,52,48,8166.4,new
C00157,0.1599,5,3,152.87,regular
C00159,0.2923,39,12,1479.18,occasional
C00160,0.7708,13,2,154.81,occasional
C00161,0.1688,12,7,634.58,loyal
C00162,0.0191,47,37,8259.22,new
C00163,0.1879,8,9,1716.21,new
C00164,0.0021,9,134,26994.0,loyal
C00165,0.0088,3,51,10054.87,regular
C00166,0.9989,299,3,627.1600000000001,dormant
C00168,0.0247,14,7,944.56,regular
C00169,0.0343,15,40,7562.38,regular
C00170,0.9917,166,5,352.99,at_risk
C00171,0.9958,549,10,4633.64,at_risk
C00172,0.6468,8,3,345.99,occasional
C00173,0.9983,305,5,1752.28,dormant
C00174,0.3885,1,20,4194.7,occasional
C00175,0.563,5,17,2112.22,regular
C00176,0.3656,199,11,2351.5699999999997,occasional
C00177,0.0145,1,56,12436.84,regular
C00178,0.018,6,55,11588.39,regular
C00179,0.005,1,210,52521.56,loyal
C00180,0.0773,7,24,6163.66,regular
C00181,0.9984,697,12,681.4200000000001,at_risk
C00182,0.0009,14,204,33981.92,loyal
C00183,0.323,31,19,2221.83,occasional
C00184,0.7957,13,7,316.07,occasional
C00185,0.2328,111,9,3640.6800000000003,occasional
C00186,0.0224,25,3,395.74,new
C00188,0.9991,598,8,464.28000000000003,at_risk
C00190,0.4772,23,12,3832.99,occasional
C00191,0.4389,25,15,5231.33,occasional
C00192,0.005,0,85,14090.26,regular
C00193,0.0011,13,80,15587.01,loyal
C00194,0.043,34,25,6596.18,regular
C00195,0.2853,151,12,985.47,occasional
C00196,0.2979,1,23,7399.49,occasional
C00197,0.0348,8,40,14141.95,regular
C00199,0.9959,147,5,517.36,dormant
C00200,0.0441,12,69,11726.95,regular
C00204,0.9908,85,3,847.8100000000001,dormant
C00205,0.0016,5,155,30477.61,loyal
C00206,0.9898,227,11,4097.05,at_risk
C00207,0.9989,401,4,1250.32,dormant
C00208,0.9949,96,6,646.82,dormant
C00210,0.4417,62,3,1445.78,occasional
C00211,0.015,0,3,3024.61,loyal
C00213,0.134,6,27,4166.46,occasional
C00214,0.2329,34,18,3823.16,occasional
C00215,0.4481,13,9,331.8,occasional
C00216,0.3148,16,12,1614.52,occasional
C00217,0.5012,8,67,13048.33,regular
C00218,0.9972,678,8,520.64,at_risk
C00219,0.0011,12,127,26021.04,loyal
C00220,0.9929,195,6,399.51000000000005,at_risk
C00221,0.0606,7,58,9324.0,new
C00222,0.3113,11,24,3055.0,occasional
C00223,0.177,37,19,3295.52,occasional
C00224,0.0387,21,38,6520.7699999999995,regular
C00225,0.9983,775,7,2275.27,dormant
C00226,0.9907,232,16,5587.82,at_risk
C00227,0.03,3,39,7376.15,regular
C00228,0.5172,1,36,7683.82,regular
C00229,0.0291,8,25,3815.25,regular
C00230,0.4545,16,18,1944.3700000000001,occasional
C00231,0.9945,128,7,585.59,dormant
C00232,0.8374,51,11,3061.35,at_risk
C00233,0.0191,12,2,109.76,regular
C00234,0.278,6,11,1050.63,new
C00235,0.01,32,37,5530.32,regular
C00236,0.0211,1,35,4740.61,new
C00237,0.0149,41,82,14336.31,regular
C00238,0.6299,22,15,3803.5,occasional
C00239,0.9995,652,6,417.46000000000004,dormant
C00241,0.7087,71,2,1415.56,at_risk
C00242,0.9994,681,6,280.71,dormant
C00243,0.1435,1,10,1396.85,regular
C00244,0.0024,9,224,51362.75,loyal
C00245,0.9444,76,6,458.15,at_risk
C00246,0.012,0,86,16906.98,regular
C00247,0.0011,8,141,34682.56,loyal
C00248,0.3414,39,14,2319.39,occasional
C00249,0.9583,68,8,784.64,at_risk
C00250,0.0087,3,54,10204.51,regular
C00252,0.4155,9,16,3240.7799999999997,new
C00253,0.5973,4,33,6633.61,occasional
C00254,0.0946,0,18,5742.4800000000005,new
C00255,0.1694,22,15,1355.59,occasional
C00256,0.999,483,3,302.05999999999995,dormant
C00257,0.9567,93,11,1922.88,at_risk
C00258,0.0652,5,12,3057.66,loyal
C00259,0.2423,10,10,3221.55,new
C00260,0.14,122,2,939.62,occasional
C00261,0.0071,4,37,5596.65,regular
C00262,0.0185,4,54,10409.72,regular
C00263,0.9825,96,6,280.6,at_risk
C00264,0.0013,5,145,27400.57,loyal
C00265,0.2832,44,24,6350.6,regular
C00266,0.0216,12,55,14696.57,regular
C00267,0.4274,14,17,4607.55,occasional
C00268,0.1688,0,23,3571.44,occasional
C00270,0.0352,0,86,13937.77,regular
C00271,0.0045,8,257,48405.42,loyal
C00273,0.0126,12,50,10368.69,regular
C00274,0.9941,320,15,1955.39,at_risk
C00275,0.0046,3,37,3933.81,loyal
C00276,0.0012,4,157,28181.27,loyal
C00277,0.1529,6,71,16182.199999999999,regular
C00278,0.3427,54,5,184.92000000000002,occasional
C00279,0.0176,8,82,16469.47,regular
C00280,0.1277,13,29,10995.08,new
C00283,0.1861,31,13,2880.52,occasional
C00284,0.0021,15,43,10494.64,loyal
C00285,0.3921,51,8,2130.96,occasional
C00286,0.0317,9,38,10758.68,regular
C00287,0.1705,46,30,7177.03,occasional
C00288,0.0015,11,176,39930.16,loyal
C00289,0.0647,18,21,1287.54,new
C00291,0.0022,12,284,53643.93,loyal
C00292,0.5007,21,5,170.97,occasional
C00293,0.6531,12,4,1232.56,at_risk
C00295,0.0419,19,28,5041.15,new
C00296,0.3783,34,26,8040.21,occasional
C00297,0.9984,539,6,3398.3500000000004,dormant
C00298,0.8539,33,4,288.62,dormant
C00299,0.1112,13,9,1843.3899999999999,loyal
C00300,0.3631,20,5,435.52,occasional
C00301,0.1016,166,26,6671.59,occasional
C00302,0.0617,8,62,13714.76,regular
C00303,0.1616,10,34,9611.42,regular
C00304,0.9984,257,4,1134.31,dormant
C00305,0.0025,6,257,57389.03,loyal
C00306,0.8778,88,9,760.8100000000001,occasional
C00307,0.0553,9,24,6287.39,new
C00308,0.0654,18,92,18392.33,regular
C00309,0.7061,8,14,4270.99,occasional
C00310,0.999,393,3,303.32,dormant
C00311,0.3453,24,4,208.17000000000002,occasional
C00312,0.0574,39,3,113.02,regular
C00313,0.0023,5,117,19021.54,loyal
C00314,0.999,564,4,562.39,dormant
C00316,0.3177,2,10,1138.66,occasional
C00317,0.0017,1,165,35563.66,loyal
C00318,0.4748,15,14,950.18,occasional
C00319,0.9993,798,3,282.21999999999997,dormant
C00320,0.5513,34,22,5603.25,occasional
C00321,0.9988,328,5,881.43,dormant
C00322,0.0843,2,7,573.84,regular
C00323,0.6604,72,8,2579.87,occasional
C00324,0.076,8,15,3402.17,new
C00325,0.1914,48,21,1388.4699999999998,occasional
C00326,0.1199,2,61,16569.54,regular
C00327,0.0202,22,46,7135.56,new
C00329,0.8885,9,25,3232.81,occasional
C00330,0.9497,14,4,274.88,dormant
C00331,0.3372,102,7,1611.81,regular
C00332,0.0083,0,58,11884.199999999999,regular
C00333,0.0048,1,42,6567.48,loyal
C00334,0.0116,7,12,1452.1299999999999,regular
C00335,0.0917,8,72,17616.41,regular
C00336,0.996,640,5,1923.59,at_risk
C00337,0.1666,50,12,1250.68,regular
C00339,0.1031,54,84,23781.11,regular
C00340,0.1994,65,21,6794.46,regular
C00341,0.0189,20,61,14331.57,regular
C00342,0.9781,160,8,3743.7599999999998,at_risk
C00343,0.3828,25,13,4079.98,occasional
C00344,0.007,8,77,16128.09,regular
C00345,0.2422,14,18,5307.94,new
C00347,0.0065,26,11,1911.0700000000002,regular
C00348,0.9989,803,4,934.1800000000001,dormant
C00349,0.0219,30,29,5134.17,regular
C00350,0.0009,3,192,39862.97,loyal
C00351,0.2869,84,8,2212.67,occasional
C00352,0.0311,20,50,7986.34,regular
C00353,0.0269,1,12,4094.15,regular
C00354,0.857,18,5,1516.6999999999998,at_risk
C00355,0.1017,8,6,3460.2799999999997,regular
C00356,0.0225,15,62,9569.4,new
C00357,0.9993,784,3,160.57,dormant
C00358,0.0849,3,2,2077.03,occasional
C00359,0.998,470,6,754.1700000000001,at_risk
C00360,0.9742,133,6,880.8000000000001,at_risk
C00361,0.6664,15,2,174.8,dormant
C00362,0.0761,0,78,16510.69,regular
C00363,0.0425,2,77,10517.51,regular
C00364,0.127,94,36,7697.29,occasional
C00365,0.5404,19,19,5068.19,occasional
C00366,0.0188,1,84,15277.6,regular
C00367,0.2464,4,6,1824.3899999999999,occasional
C00368,0.0009,3,113,24569.19,loyal
C00370,0.0838,6,10,3133.88,regular
C00372,0.0015,2,146,36985.82,loyal
C00373,0.0087,25,55,13984.53,regular
C00374,0.0262,5,5,918.1199999999999,regular
C00375,0.0015,8,228,60556.26,loyal
C00376,0.0264,1,87,18441.27,regular
C00377,0.007,26,26,4349.48,regular
C00378,0.0375,2,8,1561.08,regular
C00381,0.0334,0,55,11815.66,regular
C00382,0.0779,18,23,4081.57,loyal
C00383,0.0035,1,48,9404.08,loyal
C00384,0.0489,2,17,2780.66,regular
C00385,0.8542,17,8,2372.34,at_risk
C00387,0.9988,381,4,1930.67,dormant
C00388,0.4739,2,29,4089.9,occasional
C00389,0.2879,5,18,4637.31,occasional
C00390,0.053,8,64,13315.74,regular
C00391,0.0123,3,74,19834.71,new
C00392,0.9975,638,17,1781.54,at_risk
C00393,0.4508,14,23,7822.83,new
C00394,0.0793,12,37,7407.72,new
C00395,0.1974,50,17,2672.69,occasional
C00396,0.9802,99,5,208.53,at_risk
C00397,0.0178,23,29,4500.32,new
C00398,0.1361,14,19,2650.5,regular
C00399,0.9988,747,3,555.97,dormant
C00400,0.0559,6,11,660.59,loyal
C00401,0.9988,368,9,1279.94,dormant
C00402,0.0571,18,51,11051.6,new
C00403,0.0197,4,28,4702.889999999999,loyal
C00404,0.9798,80,5,590.82,at_risk
C00405,0.0013,5,261,60214.39,loyal
C00406,0.0251,34,44,9361.53,new
C00407,0.0341,6,62,17351.25,new
C00408,0.2516,82,16,3652.8,occasional
C00409,0.0219,114,58,14060.550000000001,new
C00410,0.0022,0,61,7648.22,loyal
C00411,0.0219,35,29,6815.320000000001,regular
C00413,0.0018,2,60,14526.53,loyal
C00414,0.7281,28,13,3385.02,occasional
C00415,0.0419,21,35,7001.78,regular
C00416,0.0463,10,81,11845.02,regular
C00417,0.1608,77,32,6898.62,occasional
C00418,0.0564,6,25,2805.64,new
C00419,0.0296,5,76,18962.83,regular
C00420,0.0353,9,67,15053.68,new
C00421,0.1543,22,17,2716.9300000000003,occasional
C00422,0.0164,28,3,136.69,regular
C00423,0.1912,87,17,2812.26,occasional
C00424,0.3168,134,9,2178.33,occasional
C00425,0.1041,3,40,4435.3,regular
C00426,0.313,109,17,2953.55,occasional
C00427,0.0189,26,47,6821.25,regular
C00428,0.0072,18,87,15141.4,regular
C00429,0.6283,24,8,551.0,occasional
C00430,0.2307,38,26,1540.9,occasional
C00431,0.0379,12,42,7281.79,new
C00433,0.999,240,4,319.51,dormant
C00434,0.0052,5,47,7949.78,new
C00435,0.9989,317,6,417.67,dormant
C00436,0.1157,1,11,1115.29,new
C00437,0.0387,22,42,8622.15,regular
C00438,0.296,37,12,2691.51,occasional
C00439,0.0838,43,6,1008.16,regular
C00440,0.0883,14,26,6302.12,new
C00441,0.1534,31,19,2770.98,occasional
C00442,0.0304,16,62,16236.03,regular
C00443,0.999,582,2,54.51,dormant
C00445,0.5293,56,12,3862.37,occasional
C00446,0.9946,454,8,3629.69,at_risk
C00447,0.0013,3,125,24366.8,loyal
C00448,0.2014,0,9,4305.97,occasional
C00449,0.0785,0,19,1978.43,new
C00450,0.0022,1,75,17133.4,loyal
C00451,0.7837,4,32,9550.99,occasional
C00452,0.0111,33,32,6939.75,regular
C00453,0.996,325,14,2850.2599999999998,at_risk
C00455,0.9994,625,5,2737.37,dormant
C00456,0.0323,11,59,13883.16,new
C00457,0.0301,13,34,5560.49,regular
C00458,0.0656,21,31,7777.55,regular
C00459,0.7458,26,10,1185.79,occasional
C00460,0.9967,405,5,993.6999999999999,at_risk
C00462,0.0751,13,34,7235.65,regular
C00463,0.001,0,186,45724.55,loyal
C00464,0.9992,715,4,640.63,dormant
C00466,0.0609,5,36,9658.88,new
C00468,0.9985,554,6,3644.3,dormant
C00469,0.0015,4,315,71318.9,loyal
C00470,0.001,19,172,30792.93,loyal
C00471,0.9982,216,7,752.3,dormant
C00472,0.9986,444,2,577.08,dormant
C00473,0.1664,55,12,1728.79,regular
C00474,0.1957,76,12,1129.93,regular
C00475,0.3657,17,15,1635.16,occasional
C00476,0.2742,28,5,278.15,occasional
C00478,0.0333,6,41,6379.97,new
C00479,0.0122,18,73,16397.49,regular
C00480,0.9976,356,5,241.64,at_risk
C00481,0.041,1,23,1463.17,loyal
C00483,0.9857,202,15,3834.65,at_risk
C00484,0.0521,0,30,5796.03,regular
C00485,0.9962,473,8,1230.95,at_risk
C00486,0.0833,9,4,118.38,loyal
C00488,0.9968,452,6,1454.6200000000001,at_risk
C00489,0.0209,25,43,12397.539999999999,new
C00490,0.1628,5,38,7759.93,regular
C00491,0.0478,46,35,6137.23,regular
C00492,0.1791,9,48,9682.76,regular
C00493,0.6593,81,18,2003.59,occasional
C00494,0.0095,25,82,14889.52,regular
C00495,0.0014,5,110,25490.23,loyal
C00496,0.0932,11,38,12408.63,regular
C00497,0.0485,1,33,9558.44,regular
C00498,0.01,11,41,8117.96,regular
C00499,0.0242,16,15,1497.28,regular
C00500,0.1875,6,21,5486.41,regular
C00501,0.4585,4,8,1807.8999999999999,occasional
C00502,0.0148,30,32,5805.03,regular
C00503,0.0334,0,21,6705.35,regular
C00504,0.8371,153,6,223.22,occasional
C00505,0.0191,43,35,6803.31,new
C00506,0.0074,24,56,12949.220000000001,regular
C00507,0.853,18,9,455.03,occasional
C00508,0.999,481,8,670.5799999999999,dormant
C00509,0.3018,98,17,4519.34,occasional
C00510,0.9986,630,5,2803.42,dormant
C00511,0.0067,38,48,10677.12,new
C00512,0.0015,1,138,26413.67,loyal
C00513,0.4057,13,7,446.72,occasional
C00514,0.9958,261,11,2354.32,at_risk
C00517,0.002,2,108,24940.1,loyal
C00518,0.6635,1,10,2483.52,occasional
C00519,0.3484,11,11,5093.91,regular
C00520,0.9961,260,4,1379.4899999999998,at_risk
C00521,0.1006,30,2,351.89,occasional
C00522,0.9984,649,5,409.91,at_risk
C00523,0.0422,5,2,78.63,new
C00524,0.1482,15,2,80.32,occasional
C00525,0.3319,141,11,1236.95,occasional
C00526,0.9501,64,6,315.38,at_risk
C00527,0.387,6,23,2066.02,new
C00528,0.0042,13,56,13101.48,new
C00529,0.0434,2,21,5009.3,loyal
C00530,0.2217,127,14,2418.44,occasional
C00531,0.0286,21,34,6038.05,regular
C00532,0.0705,9,31,6683.99,new
C00533,0.248,19,6,246.49,occasional
C00534,0.3528,17,7,1766.87,occasional
C00535,0.0388,19,31,6800.66,regular
C00536,0.0197,7,89,25829.76,regular
C00537,0.9982,613,7,1261.84,at_risk
C00538,0.036,18,72,13293.03,regular
C00539,0.0013,5,236,48578.07,loyal
C00540,0.0346,51,3,81.78999999999999,new
C00541,0.2607,50,7,366.71999999999997,at_risk
C00542,0.0426,3,12,2270.18,regular
C00543,0.0303,29,72,10085.3,regular
C00544,0.9989,705,4,602.51,dormant
C00545,0.997,509,6,867.3299999999999,at_risk
C00546,0.4049,1,20,5286.85,occasional
C00547,0.0051,45,57,11680.95,regular
C00548,0.0037,12,44,4757.51,regular
C00549,0.0073,2,177,36160.34,loyal
C00550,0.9842,105,6,427.86,at_risk
C00551,0.0012,5,178,40171.28,loyal
C00552,0.0017,4,258,46542.03,loyal
C00553,0.9829,93,5,1076.79,at_risk
C00554,0.8153,20,4,333.2,dormant
C00555,0.9961,714,11,3072.7400000000002,at_risk
C00556,0.4294,62,15,1736.71,occasional
C00557,0.265,11,6,1098.48,occasional
C00558,0.4836,13,7,1558.0900000000001,occasional
C00559,0.0143,23,2,1709.0100000000002,regular
C00560,0.2743,37,16,3693.6099999999997,occasional
C00561,0.7555,11,12,5799.12,occasional
C00562,0.3639,33,6,1000.1500000000001,occasional
C00563,0.0594,8,56,18176.62,new
C00564,0.9989,624,2,1496.48,dormant
C00565,0.0008,0,103,18748.489999999998,loyal
C00566,0.2153,9,20,2742.3599999999997,regular
C00567,0.0161,4,67,18022.89,regular
C00568,0.1487,19,25,7341.91,regular
C00569,0.0085,8,39,5850.57,regular
C00570,0.1113,1,40,9962.130000000001,regular
C00572,0.1942,119,20,3602.69,occasional
C00574,0.002,1,124,25420.75,loyal
C00575,0.0045,8,40,12985.98,loyal
C00576,0.2091,76,20,5110.23,occasional
C00577,0.0022,1,169,44344.35,loyal
C00578,0.0544,2,14,3527.9300000000003,regular
C00579,0.9976,195,5,706.6700000000001,dormant
C00580,0.0686,9,76,14420.56,regular
C00581,0.0154,0,18,4691.28,regular
C00582,0.2311,17,8,1195.52,occasional
C00583,0.4801,15,14,3704.75,occasional
C00584,0.292,7,3,399.69,occasional
C00585,0.0639,49,15,2784.75,regular
C00586,0.1507,5,26,5143.78,new
C00587,0.0482,15,85,21915.04,regular
C00588,0.387,7,9,936.17,occasional
C00589,0.9981,578,4,388.39000000000004,at_risk
C00590,0.1642,10,15,1986.78,new
C00591,0.0117,25,39,5688.7699999999995,regular
C00592,0.4241,12,12,3272.68,occasional
C00593,0.0013,0,200,48212.39,loyal
C00594,0.2996,20,19,2224.33,regular
C00595,0.001,12,211,42781.87,loyal
C00596,0.9957,364,11,7211.030000000001,at_risk
C00597,0.0178,6,15,3841.81,regular
C00598,0.0686,5,3,1160.58,at_risk
C00601,0.1678,58,21,1858.42,new
C00602,0.0025,1,205,45911.2,loyal
C00603,0.1646,19,11,974.03,loyal
C00604,0.1676,12,25,5819.9800000000005,loyal
C00606,0.0951,5,16,4616.42,regular
C00607,0.5518,59,22,9204.79,occasional
C00608,0.4004,78,11,2197.93,occasional
C00609,0.0419,8,33,6719.4,new
C00610,0.0853,1,4,430.21999999999997,occasional
C00611,0.3736,73,15,3631.04,occasional
C00612,0.9982,480,8,1670.46,dormant
C00613,0.0628,17,83,20839.27,regular
C00614,0.0931,1,4,217.22,new
C00615,0.003,16,42,7939.41,loyal
C00616,0.8081,5,40,6720.73,occasional
C00617,0.0264,36,27,5396.45,new
C00618,0.9968,383,5,1003.6700000000001,at_risk
C00619,0.9966,315,11,1557.93,at_risk
C00620,0.0256,10,3,730.36,regular
C00621,0.1393,4,31,3369.16,occasional
C00622,0.0029,10,56,10784.59,regular
C00623,0.2836,17,28,4601.87,occasional
C00624,0.3787,14,15,6158.33,occasional
C00625,0.0557,24,3,1579.58,regular
C00627,0.1227,103,50,11150.0,regular
C00628,0.0641,66,23,2690.85,regular
C00629,0.0092,9,54,8046.26,regular
C00630,0.0132,26,64,13944.22,new
C00631,0.7255,2,32,7234.93,occasional
C00632,0.0856,3,46,6949.07,regular
C00633,0.9972,306,5,853.6,at_risk
C00635,0.0552,3,41,8617.82,regular
C00636,0.1422,22,17,2331.06,regular
C00637,0.0012,0,130,29205.920000000002,loyal
C00638,0.0025,13,238,53727.62,loyal
C00639,0.9965,675,3,1154.8400000000001,at_risk
C00640,0.9988,536,3,255.12,dormant
C00641,0.0027,2,195,34594.7,loyal
C00642,0.0352,13,13,1871.47,at_risk
C00643,0.0094,17,17,2703.7200000000003,loyal
C00644,0.2286,48,6,1072.21,occasional
C00645,0.9919,187,9,836.46,at_risk
C00646,0.0519,15,40,8019.09,regular
C00647,0.0012,3,68,15603.12,loyal
C00648,0.3846,45,14,2400.88,occasional
C00649,0.9965,182,5,238.58999999999997,dormant
C00650,0.0155,1,19,1805.44,regular
C00651,0.0163,3,17,3195.98,regular
C00652,0.0894,10,25,3411.92,regular
C00653,0.3051,6,25,5153.41,occasional
C00654,0.3226,27,11,1168.24,occasional
C00655,0.0449,15,36,7239.88,new
C00656,0.9423,81,11,2252.9700000000003,at_risk
C00657,0.6677,1,42,7462.12,new
C00658,0.0348,25,3,418.04,new
C00659,0.0106,2,53,10533.61,regular
C00661,0.0109,1,13,1830.8899999999999,regular
C00662,0.028,17,53,6966.22,regular
C00663,0.9986,392,2,47.13,dormant
C00664,0.9944,259,11,2565.8,at_risk
C00665,0.9954,115,2,63.37,dormant
C00666,0.2208,47,3,500.76,occasional
C00667,0.7622,15,5,301.76,occasional
C00668,0.2425,31,14,3372.9,occasional
C00669,0.002,2,119,29973.47,loyal
C00670,0.2134,2,26,3863.61,regular
C00672,0.001,0,163,25932.39,loyal
C00673,0.9987,257,3,748.86,dormant
C00674,0.0217,0,67,14126.36,regular
C00675,0.0118,3,5,364.87,regular
C00676,0.9951,401,11,3593.3100000000004,at_risk
C00677,0.0015,0,163,43215.42,loyal
C00678,0.9987,251,2,186.55,dormant
C00679,0.997,323,4,929.3100000000001,at_risk
C00680,0.0117,3,19,3649.04,loyal
C00681,0.9947,318,13,3505.24,at_risk
C00682,0.707,69,26,8744.24,occasional
C00683,0.9934,723,14,3480.22,at_risk
C00684,0.0242,8,51,8486.869999999999,new
C00687,0.0312,33,15,1168.46,regular
C00688,0.9858,174,13,2148.34,at_risk
C00689,0.9989,453,3,1002.56,dormant
C00690,0.5411,15,20,3238.88,occasional
C00691,0.9952,707,8,3948.89,at_risk
C00692,0.2405,45,22,4515.860000000001,occasional
C00693,0.9962,478,8,4283.34,at_risk
C00695,0.0298,12,83,16395.89,regular
C00696,0.0505,31,61,8389.789999999999,regular
C00697,0.2051,50,9,1600.16,occasional
C00699,0.3231,27,18,2914.78,occasional
C00700,0.0006,12,142,24910.21,loyal
C00701,0.3205,21,14,2006.19,occasional
C00702,0.245,53,23,3435.09,occasional
C00703,0.745,1,25,3928.88,occasional
C00704,0.9867,207,8,2995.77,at_risk
C00705,0.9924,230,10,933.74,at_risk
C00706,0.4641,16,21,4738.2,occasional
C00707,0.4298,30,41,3930.11,new
C00708,0.2194,1,14,1755.22,occasional
C00709,0.5706,93,22,3887.65,occasional
C00710,0.697,13,7,217.55,occasional
C00711,0.0008,16,122,24322.14,loyal
C00712,0.0477,3,31,6706.46,regular
C00713,0.7714,13,7,2261.64,occasional
C00715,0.8524,9,11,3403.65,at_risk
C00716,0.0014,0,98,19799.27,loyal
C00717,0.2857,19,3,435.95000000000005,occasional
C00718,0.0055,3,66,12827.26,regular
C00720,0.4622,12,14,1792.34,new
C00721,0.4761,46,7,1760.2699999999998,occasional
C00722,0.657,13,3,1153.8,occasional
C00723,0.1521,1,27,4978.73,regular
C00724,0.7712,71,5,345.48,occasional
C00725,0.0135,0,43,8172.66,new
C00727,0.235,27,6,390.46000000000004,occasional
C00728,0.0363,26,21,3778.39,regular
C00729,0.0027,1,132,21496.57,loyal
C00730,0.0336,8,7,2050.3199999999997,regular
C00731,0.0389,6,60,14101.51,regular
C00732,0.0922,1,73,13003.75,regular
C00733,0.9991,348,2,125.28,dormant
C00734,0.284,31,10,2698.3,occasional
C00735,0.0687,5,7,2480.3,regular
C00736,0.0011,10,160,31168.47,loyal
C00737,0.0712,26,20,3055.89,regular
C00738,0.1354,14,26,7315.55,new
C00740,0.1504,7,17,4596.66,new
C00741,0.0124,52,33,5713.969999999999,new
C00743,0.3957,9,22,4649.63,occasional
C00745,0.3856,7,17,2580.48,occasional
C00746,0.0027,8,172,35252.44,loyal
C00747,0.9725,47,3,1303.59,dormant
C00748,0.5303,109,4,526.06,new
C00750,0.6482,18,6,1650.89,occasional
C00751,0.0069,0,34,6800.27,regular
C00752,0.0208,7,40,5720.35,new
C00753,0.5377,4,38,9104.33,occasional
C00754,0.0017,4,239,58743.55,loyal
C00755,0.9946,441,18,5157.76,at_risk
C00756,0.9993,735,2,67.0,dormant
C00757,0.205,59,19,2595.0,new
C00758,0.0641,54,3,170.01000000000002,regular
C00760,0.9991,345,6,650.18,dormant
C00761,0.9153,11,3,135.01999999999998,dormant
C00763,0.1157,39,3,305.51,occasional
C00764,0.7459,19,14,4959.19,occasional
C00765,0.0925,27,23,3640.7200000000003,occasional
C00767,0.0016,2,165,32985.43,loyal
C00768,0.0116,6,57,12097.119999999999,regular
C00769,0.0133,7,64,12793.01,new
C00770,0.2055,15,7,2231.62,regular
C00771,0.0417,36,31,7590.22,regular
C00772,0.2549,24,15,1951.75,occasional
C00773,0.0591,0,49,8170.68,regular
C00774,0.0714,15,33,6535.29,regular
C00775,0.6145,69,18,1691.41,occasional
C00776,0.2095,21,16,4872.79,regular
C00777,0.2006,96,21,6121.25,occasional
C00779,0.0552,1,47,7115.82,regular
C00780,0.9746,48,3,67.81,dormant
C00781,0.9988,564,6,4110.7,dormant
C00782,0.0591,6,87,19961.6,new
C00783,0.4611,32,20,2268.44,occasional
C00784,0.1875,95,24,5904.01,occasional
C00786,0.9989,708,6,774.37,at_risk
C00787,0.0025,18,143,33541.85,loyal
C00788,0.9989,694,8,921.63,dormant
C00790,0.0139,3,34,11843.1,new
C00791,0.1181,31,7,2679.77,regular
C00792,0.0038,1,49,13890.27,loyal
C00793,0.4591,9,9,1579.32,occasional
C00794,0.2435,5,10,2619.34,occasional
C00795,0.377,21,19,2077.46,occasional
C00796,0.0256,22,3,145.6,regular
C00797,0.0447,0,13,2061.92,regular
C00798,0.8752,79,5,179.16,occasional
C00799,0.0098,13,49,6359.09,regular
C00800,0.9901,91,3,2214.3100000000004,dormant
C00801,0.0822,5,39,6166.49,regular
C00802,0.1199,19,98,17799.98,regular
C00804,0.6963,5,32,6239.41,occasional
C00805,0.3011,37,22,5397.66,occasional
C00806,0.5123,17,8,1702.75,occasional
C00807,0.9986,586,7,2866.7999999999997,dormant
C00808,0.0253,12,3,217.21999999999997,regular
C00809,0.997,334,6,864.34,at_risk
C00810,0.0041,11,274,49972.83,loyal
C00812,0.2881,77,14,2914.08,occasional
C00813,0.0008,9,189,38777.25,loyal
C00814,0.2217,46,14,2667.77,occasional
C00815,0.9979,343,3,136.8,at_risk
C00816,0.9974,766,5,195.78,at_risk
C00817,0.3336,7,2,91.12,occasional
C00818,0.2338,26,7,1466.32,occasional
C00819,0.0374,9,24,6369.05,regular
C00820,0.04,10,11,1613.37,loyal
C00821,0.001,8,91,15811.609999999999,loyal
C00822,0.9924,158,8,712.24,at_risk
C00824,0.0008,0,166,34655.61,loyal
C00825,0.0922,24,23,3143.21,occasional
C00826,0.1746,33,5,844.5299999999999,at_risk
C00827,0.0179,19,44,6624.77,new
C00828,0.2677,5,14,5555.04,occasional
C00829,0.6804,38,7,1873.48,occasional
C00830,0.2262,36,2,51.849999999999994,at_risk
C00831,0.0336,9,2,574.12,new
C00832,0.0261,19,52,13775.210000000001,regular
C00833,0.996,163,4,1156.6399999999999,dormant
C00834,0.0009,15,98,24391.51,loyal
C00835,0.0297,49,30,6253.85,new
C00836,0.001,7,151,36611.48,loyal
C00837,0.0379,19,78,20504.87,regular
C00838,0.0007,9,142,26578.97,loyal
C00839,0.2285,20,12,1000.44,occasional
C00840,0.0335,36,4,196.7,regular
C00841,0.0373,13,7,1113.23,regular
C00842,0.1312,151,19,6789.25,occasional
C00843,0.7607,82,8,2003.3000000000002,occasional
C00844,0.9957,648,7,1980.54,at_risk
C00845,0.0836,18,26,5213.76,new
C00846,0.9971,447,6,952.28,at_risk
C00847,0.0125,23,37,6482.9800000000005,regular
C00848,0.091,5,24,6358.13,regular
C00849,0.9992,416,4,161.88,dormant
C00850,0.0099,4,33,6823.07,loyal
C00851,0.5605,15,14,1736.6100000000001,occasional
C00853,0.9989,241,3,207.72000000000003,dormant
C00854,0.1024,5,20,2929.83,occasional
C00855,0.8737,51,6,548.59,at_risk
C00856,0.3183,96,9,2820.88,occasional
C00857,0.9965,260,6,983.6899999999999,at_risk
C00858,0.0037,5,213,38146.72,loyal
C00859,0.0153,1,86,12558.92,regular
C00860,0.1384,0,10,3686.39,occasional
C00861,0.0134,6,85,20346.37,regular
C00863,0.01,7,16,3270.2400000000002,regular
C00864,0.4553,21,17,4406.2,new
C00865,0.0857,22,15,2476.65,new
C00866,0.2196,28,16,2316.74,occasional
C00867,0.0134,22,56,11890.38,new
C00868,0.0235,57,40,7309.94,regular
C00869,0.446,9,22,5416.26,occasional
C00870,0.0492,3,3,914.49,regular
C00871,0.049,9,38,7071.4,new
C00872,0.1074,12,28,8321.650000000001,new
C00873,0.9987,488,4,3070.8999999999996,dormant
C00874,0.0351,0,54,9666.5,new
C00875,0.9991,703,3,2249.43,dormant
C00876,0.0149,26,40,9330.17,regular
C00877,0.9992,741,4,600.6,dormant
C00878,0.3977,51,26,7289.35,occasional
C00879,0.321,85,15,2527.79,occasional
C00880,0.1935,4,23,5220.95,occasional
C00881,0.0926,10,24,1568.04,regular
C00882,0.032,17,78,21048.11,regular
C00883,0.0246,76,38,7014.57,regular
C00884,0.0026,36,101,17995.73,loyal
C00886,0.0258,0,17,4159.92,new
C00887,0.1692,19,4,660.52,occasional
C00888,0.1649,22,23,4500.639999999999,occasional
C00889,0.1617,56,18,4534.37,occasional
C00890,0.3773,24,12,878.06,occasional
C00891,0.4595,20,5,647.05,regular
C00894,0.9592,87,7,2047.23,at_risk
C00895,0.9977,285,12,1240.43,at_risk
C00896,0.2543,14,22,3967.09,occasional
C00898,0.0292,33,57,9654.38,regular
C00899,0.02,66,30,5571.719999999999,new
C00900,0.7698,13,5,979.79,at_risk
C00901,0.0123,13,43,6505.85,new
C00902,0.9973,532,6,661.46,at_risk
C00903,0.6032,21,19,5399.71,new
C00904,0.9989,499,5,1378.52,dormant
C00906,0.1057,22,2,702.8399999999999,new
C00907,0.9972,477,9,1922.41,at_risk
C00908,0.2822,29,18,2196.48,occasional
C00910,0.0332,38,21,2488.98,regular
C00911,0.3453,13,19,4605.04,occasional
C00912,0.0016,4,81,10464.83,loyal
C00913,0.0808,12,29,5983.85,regular
C00914,0.1441,10,15,4824.05,new
C00915,0.0511,14,61,10611.16,regular
C00916,0.061,6,58,10099.55,regular
C00917,0.0223,35,7,1732.5700000000002,regular
C00918,0.1612,125,24,3462.66,occasional
C00919,0.015,10,40,8816.93,new
C00920,0.0135,3,32,4934.12,new
C00921,0.0012,7,210,41244.73,loyal
C00922,0.3352,37,25,4192.28,occasional
C00923,0.4263,60,15,1941.6100000000001,occasional
C00925,0.0633,96,23,6039.49,occasional
C00926,0.0304,14,56,16025.69,regular
C00927,0.1638,22,24,4571.06,occasional
C00928,0.2416,31,15,2597.76,occasional
C00929,0.232,44,17,3197.83,occasional
C00930,0.4626,31,7,1090.35,occasional
C00931,0.0909,1,20,8547.57,new
C00932,0.8352,46,7,2863.7999999999997,at_risk
C00933,0.0119,7,29,7194.139999999999,regular
C00934,0.1505,9,41,3986.16,new
C00935,0.0561,12,6,740.77,new
C00936,0.0572,14,42,6088.09,regular
C00939,0.9865,220,10,2114.09,at_risk
C00940,0.06,30,16,1720.81,regular
C00941,0.9943,510,12,5710.66,at_risk
C00942,0.0724,50,6,1022.97,regular
C00943,0.3632,14,6,1148.74,occasional
C00945,0.0107,41,43,10112.13,regular
C00946,0.1861,12,9,1247.45,new
C00947,0.9987,350,5,2917.88,dormant
C00948,0.0088,50,58,15124.2,new
C00949,0.0314,12,72,14270.75,regular
C00950,0.0502,8,25,5013.18,new
C00951,0.0014,1,173,33458.23,loyal
C00952,0.0244,27,66,12499.17,regular
C00953,0.0125,39,40,7151.51,new
C00954,0.9887,167,8,1450.8400000000001,at_risk
C00955,0.1154,134,13,2442.35,occasional
C00957,0.2011,40,12,3807.54,new
C00958,0.9965,286,11,1334.27,at_risk
C00960,0.0579,11,44,13092.89,new
C00961,0.028,36,74,16332.91,regular
C00962,0.0329,9,80,16061.11,regular
C00965,0.0337,0,11,3844.6,regular
C00966,0.0296,18,96,19188.96,regular
C00967,0.0027,0,69,20505.0,regular
C00968,0.0862,1,60,7973.97,new
C00969,0.0573,3,70,10547.47,regular
C00970,0.0852,117,21,4828.24,occasional
C00971,0.999,289,3,81.82,dormant
C00972,0.0007,9,205,41096.95,loyal
C00974,0.373,4,16,3122.6099999999997,occasional
C00975,0.0217,3,54,8840.79,new
C00976,0.0438,23,47,5211.03,regular
C00977,0.1726,0,6,2049.72,occasional
C00978,0.0052,8,63,12435.14,regular
C00979,0.9985,740,6,538.5899999999999,at_risk
C00980,0.0688,11,63,16752.63,new
C00981,0.0295,7,4,744.67,regular
C00982,0.0247,9,78,15687.9,regular
C00983,0.088,1,16,2808.0,new
C00984,0.0007,23,122,21029.26,loyal
C00985,0.1126,42,9,2021.3799999999999,regular
C00986,0.3284,23,22,4048.92,occasional
C00987,0.035,14,5,287.29999999999995,regular
C00988,0.2594,16,14,2195.29,regular
C00989,0.3892,35,15,6371.6,occasional
C00990,0.1146,72,54,10687.61,regular
C00992,0.9979,479,6,448.02,at_risk
C00993,0.3427,37,8,642.8399999999999,occasional
C00994,0.0015,3,167,38578.98,loyal
C00995,0.0183,14,57,12271.34,new
C00996,0.0447,17,36,6325.02,regular
C00997,0.9977,630,8,2681.38,at_risk
C00998,0.1694,8,71,10941.53,regular
C00999,0.0238,39,38,5295.65,new
C01000,0.0143,12,92,16501.8,regular
C01001,0.0171,8,45,8447.36,regular
C01002,0.1371,5,3,99.16,occasional
C01003,0.0018,0,184,35656.96,loyal
C01004,0.0164,53,82,21970.17,regular
C01005,0.997,692,8,2486.8799999999997,at_risk
C01006,0.0261,0,35,8296.210000000001,new
C01007,0.0018,1,154,35581.83,loyal
C01008,0.0892,66,22,6305.85,new
C01009,0.1504,8,54,9557.03,new
C01010,0.0267,2,69,13178.08,new
C01011,0.9936,366,9,3343.19,at_risk
C01012,0.9969,382,4,1990.9999999999998,at_risk
C01013,0.3899,6,16,4329.99,occasional
C01014,0.8466,48,7,1551.25,at_risk
C01015,0.9988,364,3,910.1800000000001,dormant
C01016,0.0039,0,27,5144.82,loyal
C01017,0.0918,17,25,3669.69,regular
C01018,0.0032,23,184,36328.26,loyal
C01019,0.9992,561,4,198.54,dormant
C01020,0.0891,19,25,4991.57,occasional
C01021,0.9898,207,10,2508.0299999999997,at_risk
C01022,0.0129,28,48,5820.82,new
C01023,0.7814,2,7,611.21,dormant
C01024,0.096,3,26,9911.21,regular
C01025,0.036,25,4,223.25,new
C01026,0.0762,13,24,7541.43,new
C01027,0.0009,9,146,29075.84,loyal
C01028,0.9974,517,9,848.4,at_risk
C01029,0.1745,1,8,621.6800000000001,regular
C01030,0.2205,1,20,3702.69,occasional
C01031,0.3028,22,12,4413.75,occasional
C01033,0.0975,77,32,7681.44,regular
C01034,0.0024,3,292,65604.96,loyal
C01035,0.0032,1,125,24403.56,loyal
C01036,0.6604,10,10,603.3199999999999,occasional
C01037,0.0195,8,9,2545.82,regular
C01038,0.1216,4,13,5561.42,regular
C01039,0.9982,567,2,146.01999999999998,at_risk
C01040,0.9983,675,6,1133.5,at_risk
C01041,0.6527,94,8,1869.59,occasional
C01042,0.9986,728,5,2352.84,dormant
C01043,0.0294,23,44,9729.11,regular
C01044,0.0033,6,63,10280.43,new
C01045,0.001,0,232,46941.82,loyal
C01048,0.0477,2,65,12436.9,new
C01050,0.2857,31,25,9369.84,occasional
C01051,0.146,12,9,2860.2400000000002,regular
C01052,0.9935,697,13,4551.3099999999995,at_risk
C01053,0.028,52,39,10031.64,new
C01054,0.9993,679,7,560.51,dormant
C01055,0.5738,14,9,1069.56,occasional
C01056,0.0028,1,83,19690.61,loyal
C01057,0.2348,10,23,6676.39,occasional
C01058,0.001,0,224,46615.24,loyal
C01059,0.0123,8,103,14647.53,regular
C01060,0.0173,5,43,9689.87,regular
C01061,0.9981,535,3,280.51,at_risk
C01062,0.5927,4,25,6310.85,regular
C01063,0.0196,5,28,6757.34,regular
C01064,0.0157,3,18,4874.22,loyal
C01065,0.0546,61,28,6885.74,new
C01066,0.9976,755,12,2414.77,at_risk
C01067,0.0008,14,199,42801.78,loyal
C01068,0.0017,0,33,6019.41,loyal
C01069,0.8629,157,13,1015.04,occasional
C01070,0.0188,2,30,5515.67,regular
C01071,0.4159,0,12,1219.87,occasional
C01072,0.6766,1,21,2401.37,occasional
C01073,0.9363,14,2,1076.36,dormant
C01074,0.0482,21,11,1173.94,regular
C01076,0.0127,2,22,1903.5,loyal
C01077,0.999,526,3,568.02,dormant
C01079,0.9966,503,9,2088.13,at_risk
C01081,0.0874,2,46,8492.41,regular
C01082,0.0201,19,49,7394.14,new
C01084,0.095,1,26,3179.04,regular
C01087,0.0105,57,56,13772.369999999999,new
C01088,0.9972,420,7,950.8699999999999,at_risk
C01089,0.8151,75,5,593.0,occasional
C01090,0.7128,62,7,2188.33,occasional
C01091,0.0825,17,47,12307.07,regular
C01092,0.0207,27,59,7417.71,regular
C01093,0.0008,4,104,23570.03,loyal
C01094,0.0227,0,21,5654.26,new
C01095,0.7875,17,30,6858.969999999999,occasional
C01096,0.5011,8,11,5739.16,occasional
C01097,0.0251,11,66,17831.24,regular
C01098,0.0391,0,70,12863.77,regular
C01099,0.2158,43,14,1650.47,occasional
C01100,0.0205,2,43,6766.8,regular
C01101,0.003,1,67,10283.54,loyal
C01102,0.9942,442,6,1453.63,at_risk
C01103,0.0579,30,10,1983.25,regular
C01104,0.0054,0,71,12818.67,regular
C01106,0.0348,42,60,10656.06,new
C01107,0.0794,19,7,955.7599999999999,regular
C01108,0.9954,417,10,2959.74,at_risk
C01109,0.9991,459,5,825.85,dormant
C01110,0.9961,698,15,2294.2,at_risk
C01111,0.2507,22,12,2050.8,occasional
C01112,0.9979,588,13,1889.69,at_risk
C01113,0.7125,77,8,553.5799999999999,occasional
C01114,0.3209,38,5,293.36,occasional
C01115,0.06,4,4,2846.5400000000004,occasional
C01116,0.0112,22,24,3686.49,regular
C01117,0.0008,0,194,47409.99,loyal
C01118,0.3819,1,5,1164.71,occasional
C01119,0.0496,23,8,1727.3999999999999,regular
C01120,0.2569,52,10,2626.27,occasional
C01121,0.8744,110,8,731.51,occasional
C01122,0.9119,31,2,88.74,dormant
C01123,0.0005,0,207,44748.51,loyal
C01124,0.3388,18,7,1545.12,occasional
C01125,0.2898,3,19,4642.05,occasional
C01126,0.0014,12,275,73882.27,loyal
C01127,0.1202,5,14,1663.09,regular
C01128,0.0096,8,197,38374.26,loyal
C01129,0.1909,8,14,3960.5700000000006,regular
C01130,0.0175,16,19,2106.82,regular
C01131,0.1738,23,8,3336.5,occasional
C01132,0.2314,16,42,9804.04,occasional
C01133,0.0017,3,50,10517.29,loyal
C01134,0.0457,13,48,7588.8,regular
C01135,0.0025,4,237,53555.65,loyal
C01137,0.0869,5,65,14792.06,regular
C01138,0.8074,17,17,4155.91,occasional
C01139,0.0158,0,4,747.3,regular
C01140,0.0025,3,246,45601.39,loyal
C01141,0.9991,331,4,241.62,dormant
C01143,0.0204,17,34,6385.400000000001,regular
C01144,0.0431,18,36,4242.26,regular
C01145,0.9989,469,3,2380.0,dormant
C01146,0.5087,6,22,3820.31,occasional
C01147,0.2924,3,19,3479.33,occasional
C01149,0.0016,18,268,55681.88,loyal
C01150,0.9642,15,5,1076.78,dormant
C01151,0.0065,20,53,12103.63,regular
C01152,0.7484,17,15,1406.15,occasional
C01153,0.7386,17,27,3758.1099999999997,occasional
C01154,0.122,13,27,8594.49,regular
C01156,0.0196,58,33,5238.34,regular
C01157,0.9963,170,2,644.65,dormant
C01158,0.5588,24,97,19033.55,regular
C01159,0.25,220,10,1710.77,occasional
C01160,0.9991,253,3,202.45999999999998,dormant
C01161,0.0024,3,210,53206.75,loyal
C01162,0.9988,569,2,1030.54,dormant
C01163,0.1428,47,18,3265.2200000000003,occasional
C01164,0.9789,135,6,835.58,at_risk
C01166,0.1253,8,4,3040.8,occasional
C01167,0.9957,578,3,1294.69,at_risk
C01168,0.3964,1,22,4674.73,occasional
C01169,0.0765,14,85,15350.880000000001,regular
C01170,0.0337,35,32,7228.79,regular
C01171,0.0129,1,64,14195.03,new
C01172,0.0015,2,205,39629.72,loyal
C01173,0.1429,31,8,1907.38,at_risk
C01174,0.8816,3,7,1245.31,dormant
C01175,0.0021,10,26,4972.8099999999995,loyal
C01176,0.0071,1,56,10428.02,regular
C01177,0.9941,202,8,257.47,at_risk
C01178,0.0026,2,84,11036.24,loyal
C01179,0.1923,6,25,5426.61,occasional
C01180,0.9964,316,3,133.25,at_risk
C01181,0.5635,2,13,2152.41,occasional
C01182,0.0108,9,55,12895.68,regular
C01183,0.9422,63,4,1327.37,at_risk
C01184,0.2992,43,4,1570.6899999999998,occasional
C01185,0.0232,16,28,5473.79,regular
C01186,0.4035,79,6,3093.9900000000002,occasional
C01187,0.1355,2,14,2335.62,new
C01188,0.9961,284,10,6016.4,at_risk
C01189,0.2759,26,15,2277.0,occasional
C01190,0.036,3,25,2581.7799999999997,regular
C01191,0.0008,0,57,15005.67,loyal
C01193,0.001,9,215,46731.35,loyal
C01194,0.9993,414,4,339.12,dormant
C01196,0.2004,6,22,5499.08,new
C01198,0.0735,28,80,15904.66,regular
C01199,0.6775,42,22,4671.49,occasional
C01200,0.0135,8,16,1312.18,regular
C01201,0.0207,4,39,6895.37,new
C01202,0.9988,364,2,26.36,dormant
C01203,0.0324,7,28,4309.4,new
C01204,0.0066,6,61,8109.2,regular
C01206,0.1433,4,67,13363.76,regular
C01207,0.9898,80,4,473.2,dormant
C01209,0.0915,6,28,6587.6900000000005,regular
C01210,0.0414,72,32,7640.58,regular
C01211,0.0008,0,205,43958.94,loyal
C01212,0.0743,7,25,3424.5099999999998,regular
C01213,0.998,374,3,3169.3199999999997,dormant
C01214,0.063,1,59,9122.31,new
C01215,0.9985,475,2,276.77,dormant
C01217,0.0831,20,22,3105.68,occasional
C01218,0.0034,9,66,14253.11,regular
C01219,0.4156,20,10,3251.9,occasional
C01220,0.0181,30,58,11608.14,regular
C01221,0.0578,12,2,720.5799999999999,regular
C01222,0.1133,36,3,1520.5200000000002,occasional
C01224,0.2024,0,2,18.53,occasional
C01225,0.9937,520,9,3403.7400000000002,at_risk
C01226,0.0485,9,65,18242.13,regular
C01227,0.9991,502,4,142.82,dormant
C01228,0.2294,37,22,4316.08,occasional
C01230,0.9858,75,6,585.6700000000001,at_risk
C01231,0.9949,247,3,1385.14,at_risk
C01232,0.3159,19,4,600.55,at_risk
C01233,0.1041,15,21,3055.25,new
C01234,0.1784,33,15,1147.6,occasional
C01235,0.0562,0,49,4792.07,regular
C01236,0.0014,0,138,27163.5,loyal
C01237,0.386,17,24,6094.36,occasional
C01238,0.0168,2,31,12896.08,loyal
C01239,0.3444,74,18,1527.08,regular
C01240,0.0013,0,68,15130.3,loyal
C01241,0.248,117,14,2521.74,occasional
C01242,0.1298,21,10,2217.21,regular
C01244,0.028,1,25,6520.55,new
C01245,0.0647,49,24,4452.41,new
C01246,0.0357,7,68,15013.57,regular
C01247,0.3532,21,7,1323.71,occasional
C01249,0.7411,31,7,198.59,occasional
C01250,0.3265,15,8,4678.59,at_risk
C01251,0.0284,13,5,436.86,regular
C01252,0.9931,95,2,132.44,dormant
C01253,0.0019,3,122,18000.16,loyal
C01254,0.0677,18,44,6645.5,new
C01255,0.1566,61,32,5071.45,occasional
C01256,0.2093,2,46,7551.91,regular
C01257,0.9944,333,13,1670.43,at_risk
C01258,0.0011,8,48,10442.36,loyal
C01259,0.0593,2,30,6024.85,new
C01260,0.7801,8,40,6905.13,occasional
C01261,0.0011,6,186,40183.14,loyal
C01264,0.0123,8,65,11848.28,regular
C01265,0.1523,15,11,561.11,new
C01266,0.9484,73,9,1450.13,at_risk
C01268,0.0245,2,5,378.38,regular
C01269,0.9914,197,13,2346.09,at_risk
C01270,0.9988,438,3,309.02,dormant
C01271,0.0008,9,84,16266.19,loyal
C01272,0.0253,7,51,12827.630000000001,regular
C01273,0.0598,19,37,8239.01,regular
C01274,0.2513,1,23,3471.15,regular
C01275,0.9973,249,7,283.77,at_risk
C01276,0.7622,15,12,6733.9,occasional
C01277,0.1244,35,17,2470.64,occasional
C01278,0.0418,12,36,5681.68,regular
C01279,0.0068,0,87,17802.0,regular
C01280,0.0325,3,29,5163.08,regular
C01281,0.2069,67,22,4801.97,new
C01283,0.0036,5,58,16401.829999999998,regular
C01284,0.0782,12,35,12883.539999999999,new
C01285,0.0016,1,231,42516.18,loyal
C01286,0.0138,29,59,9246.56,regular
C01287,0.0048,28,83,18755.7,regular
C01288,0.9986,478,3,1067.36,dormant
C01289,0.9959,414,3,1357.0500000000002,at_risk
C01290,0.2735,26,15,853.12,occasional
C01291,0.0024,5,34,4545.61,loyal
C01292,0.0137,9,80,19094.39,regular
C01293,0.19,52,15,2328.55,occasional
C01294,0.0172,12,68,17441.01,regular
C01296,0.9758,124,8,4227.67,at_risk
C01297,0.4124,138,20,3127.43,occasional
C01298,0.9977,462,8,657.03,at_risk
C01299,0.9992,768,6,854.1,dormant
C01301,0.4417,62,10,1648.09,occasional
C01303,0.0901,20,68,13686.41,regular
C01304,0.0799,14,44,10267.91,new
C01305,0.0026,10,139,33999.62,loyal
C01306,0.3704,4,2,211.34,occasional
C01307,0.0249,9,40,12314.09,new
C01308,0.0813,31,2,1590.6599999999999,occasional
C01309,0.1006,36,16,2723.28,occasional
C01310,0.2891,2,33,7581.87,occasional
C01311,0.0296,22,50,10084.42,regular
C01312,0.0176,13,67,15303.9,regular
C01314,0.478,55,22,4619.849999999999,occasional
C01315,0.0922,1,28,3983.45,occasional
C01316,0.4785,12,30,4165.14,regular
C01317,0.0278,23,70,14448.86,new
C01318,0.2832,19,30,9908.029999999999,regular
C01319,0.48,55,17,3755.83,occasional
C01320,0.3315,26,21,4241.14,occasional
C01321,0.059,16,50,11795.25,regular
C01322,0.9955,710,11,2435.73,at_risk
C01323,0.1479,106,9,3092.06,occasional
C01324,0.001,0,99,18558.57,loyal
C01325,0.9991,734,4,68.67999999999999,dormant
C01327,0.9932,524,13,5681.4800000000005,at_risk
C01328,0.0545,11,25,6473.59,new
C01329,0.9974,192,4,548.3,dormant
C01330,0.0041,0,50,9892.93,regular
C01331,0.1336,17,2,1105.2,occasional
C01332,0.4907,49,19,4053.59,occasional
C01333,0.0162,26,42,7608.86,regular
C01334,0.014,3,68,9447.279999999999,regular
C01335,0.0013,15,265,53206.09,loyal
C01336,0.9966,470,8,1969.77,at_risk
C01337,0.0205,15,39,6288.95,new
C01338,0.9552,75,13,3444.08,at_risk
C01339,0.0125,44,47,10585.3,regular
C01340,0.0348,9,4,1408.5700000000002,regular
C01341,0.5758,97,3,418.90000000000003,occasional
C01343,0.9992,702,3,31.34,dormant
C01345,0.9991,266,6,763.69,dormant
C01347,0.9986,479,2,111.67999999999999,dormant
C01349,0.0024,8,91,11350.45,loyal
C01350,0.0037,2,261,60169.979999999996,loyal
C01351,0.0716,95,37,6833.33,regular
C01352,0.0974,1,57,13066.41,regular
C01355,0.0658,15,65,9666.289999999999,regular
C01356,0.9989,295,3,759.3399999999999,dormant
C01357,0.9969,421,3,478.74,at_risk
C01358,0.121,77,26,3472.39,occasional
C01359,0.3312,2,7,3259.67,at_risk
C01360,0.0074,8,13,2411.7799999999997,regular
C01361,0.5073,40,12,1400.32,occasional
C01362,0.0185,40,28,6006.81,regular
C01363,0.9989,419,3,385.54,dormant
C01364,0.0482,31,24,1972.75,regular
C01365,0.0491,32,34,8344.3,regular
C01366,0.9985,643,3,248.95,at_risk
C01367,0.9966,680,10,2140.13,at_risk
C01368,0.2813,79,17,4712.53,occasional
C01369,0.2506,7,6,1172.83,occasional
C01370,0.6692,54,79,26153.61,regular
C01372,0.0103,5,10,3005.9900000000002,regular
C01373,0.0445,8,40,7797.45,regular
C01374,0.1383,2,20,5527.76,regular
C01375,0.0051,18,34,6370.13,regular
C01376,0.0844,4,21,3227.71,regular
C01377,0.308,56,3,319.84000000000003,occasional
C01378,0.0172,29,39,11581.25,regular
C01379,0.0391,9,5,300.71999999999997,regular
C01380,0.1472,40,15,2093.79,occasional
C01381,0.0214,9,6,230.53,regular
C01382,0.997,389,6,1224.65,at_risk
C01383,0.9989,682,7,2336.96,dormant
C01384,0.6267,72,4,333.25,occasional
C01385,0.9983,788,2,893.66,dormant
C01386,0.0121,0,35,4390.3099999999995,loyal
C01387,0.0048,1,272,61720.16,loyal
C01388,0.9977,565,12,2189.35,at_risk
C01389,0.9933,194,3,108.71,at_risk
C01391,0.0072,13,169,46511.729999999996,loyal
C01392,0.0497,13,50,16274.279999999999,new
C01393,0.115,7,63,8092.05,regular
C01394,0.0198,3,5,570.9,regular
C01395,0.061,11,21,2880.48,regular
C01396,0.9991,692,6,209.87,dormant
C01397,0.0012,11,164,35860.91,loyal
C01398,0.0598,0,34,9002.519999999999,new
C01399,0.8026,9,31,3768.07,occasional
C01401,0.9915,179,4,334.99,at_risk
C01402,0.0229,34,45,6267.65,new
C01403,0.0789,18,24,3541.85,regular
C01404,0.0018,1,148,30156.010000000002,loyal
C01405,0.1806,1,30,4899.79,occasional
C01406,0.0343,3,51,9654.09,regular
C01407,0.0314,5,74,17148.66,regular
C01408,0.0184,3,51,15432.9,regular
C01409,0.0627,41,4,682.83,regular
C01410,0.0013,8,46,7956.32,loyal
C01411,0.0013,6,212,49907.08,loyal
C01412,0.9643,34,4,292.47,dormant
C01413,0.1708,39,22,6170.47,regular
C01414,0.976,11,6,3567.4,dormant
C01415,0.9974,108,5,784.91,dormant
C01416,0.0106,1,40,7045.46,regular
C01417,0.9968,250,6,2422.17,at_risk
C01418,0.2594,61,19,3185.43,occasional
C01419,0.9538,93,4,589.58,at_risk
C01420,0.0011,7,173,32692.15,loyal
C01421,0.0453,0,44,7987.39,regular
C01422,0.0023,10,219,57714.44,loyal
C01423,0.2297,33,16,2410.0299999999997,occasional
C01424,0.9995,667,5,646.88,dormant
C01425,0.9978,725,6,891.97,at_risk
C01427,0.9985,736,2,272.81,dormant
C01429,0.0018,6,279,59543.19,loyal
C01430,0.2369,35,8,690.6,new
C01431,0.0022,4,58,13186.46,regular
C01432,0.0009,0,119,16107.81,loyal
C01433,0.2052,7,24,6717.55,occasional
C01434,0.999,348,6,290.34000000000003,dormant
C01435,0.0239,48,53,9546.56,regular
C01436,0.205,80,9,2445.0699999999997,occasional
C01437,0.0146,21,40,9409.56,regular
C01438,0.001,1,138,26721.37,loyal
C01439,0.0422,8,19,3266.45,loyal
C01440,0.9974,354,8,658.62,at_risk
C01441,0.0285,3,43,15128.57,new
C01442,0.0784,130,54,10672.789999999999,regular
C01443,0.0074,3,39,5720.89,regular
C01444,0.0267,56,56,11484.77,regular
C01445,0.0009,9,184,41906.98,loyal
C01447,0.9976,717,4,187.82,at_risk
C01448,0.4017,10,11,876.28,occasional
C01449,0.0514,5,10,1437.23,regular
C01451,0.0007,0,259,52318.3,loyal
C01452,0.0519,43,65,11811.83,regular
C01453,0.9992,450,5,437.32,dormant
C01454,0.9934,234,7,4459.77,at_risk
C01456,0.9993,602,3,353.35,dormant
C01457,0.2025,38,24,5567.67,occasional
C01458,0.9987,587,2,136.47,dormant
C01460,0.0028,10,225,42638.33,loyal
C01461,0.0009,7,153,40816.1,loyal
C01462,0.001,6,223,49527.270000000004,loyal
C01463,0.0068,37,200,42736.16,loyal
C01464,0.0423,10,4,1817.08,regular
C01465,0.997,733,13,2072.15,at_risk
C01466,0.0244,4,41,9579.5,new
C01468,0.0611,41,20,3080.48,regular
C01469,0.9969,694,7,660.3,at_risk
C01470,0.2154,4,32,8085.42,regular
C01472,0.019,12,41,8212.11,regular
C01473,0.0343,0,44,9274.97,regular
C01474,0.0285,65,32,7250.08,regular
C01475,0.0614,43,14,1819.82,new
C01476,0.993,545,12,4341.14,at_risk
C01477,0.261,15,4,179.79,at_risk
C01479,0.0969,22,58,9569.24,new
C01480,0.3499,1,4,2047.72,at_risk
C01481,0.2276,75,5,1126.85,regular
C01482,0.6415,13,6,649.47,occasional
C01483,0.7184,161,13,2371.69,occasional
C01484,0.3862,7,17,4212.9,occasional
C01485,0.0217,9,17,3347.91,loyal
C01486,0.5056,19,24,4554.47,occasional
C01487,0.0508,20,17,1774.56,loyal
C01489,0.1157,15,19,2983.13,regular
C01490,0.9988,488,5,882.48,dormant
C01491,0.0543,1,32,6912.639999999999,regular
C01492,0.1213,9,54,7946.23,regular
C01493,0.015,0,3,732.3299999999999,regular
C01494,0.0289,0,28,5490.43,new
C01495,0.2427,40,38,7743.01,occasional
C01496,0.9965,101,4,909.25,dormant
C01497,0.0451,49,11,1654.96,regular
C01498,0.0005,6,84,14251.43,loyal
C01499,0.1546,1,30,2391.42,occasional
C01500,0.1321,35,15,4055.26,regular
C01501,0.1163,17,19,2627.17,new
C01502,0.0401,8,17,5316.08,new
C01503,0.248,5,3,315.28999999999996,occasional
C01504,0.9988,631,3,140.23000000000002,dormant
C01505,0.2488,0,17,2595.42,occasional
C01507,0.2315,3,10,1328.78,occasional
C01508,0.0011,4,139,19420.79,loyal
C01509,0.0392,41,29,4099.11,new
C01510,0.0022,1,88,16657.21,loyal
C01511,0.1361,29,14,3159.51,regular
C01512,0.2324,36,27,5165.01,occasional
C01513,0.0016,3,141,23660.03,loyal
C01515,0.9966,514,3,560.47,at_risk
C01516,0.001,3,209,51114.09,loyal
C01517,0.1706,34,2,197.91,occasional
C01518,0.0246,33,69,9846.9,regular
C01519,0.0296,7,44,9151.93,regular
C01520,0.0078,25,49,10584.89,regular
C01521,0.703,17,11,2886.04,at_risk
C01522,0.9994,695,4,556.53,dormant
C01523,0.0437,45,27,5755.64,regular
C01524,0.9995,677,4,727.44,dormant
C01525,0.4457,28,5,986.99,occasional
C01526,0.2112,36,8,1961.16,occasional
C01527,0.9977,347,2,108.78,at_risk
C01528,0.9975,423,6,294.57,at_risk
C01529,0.0173,11,65,14643.48,new
C01531,0.2656,46,7,307.79,occasional
C01532,0.0657,1,46,11957.46,regular
C01533,0.0008,7,158,31846.55,loyal
C01534,0.9887,105,6,5821.400000000001,at_risk
C01535,0.003,1,54,12391.210000000001,loyal
C01536,0.0153,19,49,13901.23,regular
C01537,0.0012,1,199,37272.85,loyal
C01538,0.0494,0,30,8716.39,regular
C01539,0.4225,41,5,1432.73,occasional
C01540,0.5156,12,11,4943.26,occasional
C01541,0.1691,32,20,8859.24,occasional
C01542,0.0012,3,120,19274.92,loyal
C01543,0.6039,13,15,2212.88,occasional
C01545,0.9968,277,6,1413.49,at_risk
C01546,0.2086,36,12,1102.6499999999999,occasional
C01547,0.6188,113,12,3462.89,occasional
C01548,0.3013,237,15,1324.59,occasional
C01549,0.9989,755,3,462.71,dormant
C01550,0.9165,136,16,2736.69,at_risk
C01552,0.1024,50,2,243.32,occasional
C01553,0.0009,5,139,28718.5,loyal
C01554,0.9991,772,3,179.37,dormant
C01556,0.0286,12,46,11966.039999999999,regular
C01557,0.9985,552,3,1117.9,dormant
C01558,0.2993,23,3,2457.15,at_risk
C01559,0.0023,2,70,14166.26,loyal
C01560,0.007,1,43,8791.35,loyal
C01561,0.0009,3,192,33739.83,loyal
C01563,0.0028,1,138,29912.42,loyal
C01564,0.9989,308,2,97.87,dormant
C01566,0.7809,106,6,1048.07,occasional
C01567,0.1713,133,12,2286.44,occasional
C01568,0.0288,29,36,8149.12,regular
C01569,0.0015,2,147,26449.53,loyal
C01571,0.0018,8,69,16501.69,loyal
C01572,0.0024,2,142,33090.9,loyal
C01573,0.0298,2,27,8311.18,regular
C01574,0.0008,0,59,14126.94,loyal
C01575,0.1853,122,25,2775.63,occasional
C01576,0.9967,378,13,3279.1500000000005,at_risk
C01578,0.6671,64,12,1739.1499999999999,occasional
C01579,0.0731,66,69,18197.79,new
C01580,0.7316,10,8,2339.5499999999997,occasional
C01581,0.0223,25,28,5082.07,new
C01582,0.1863,36,13,2766.04,occasional
C01583,0.5513,46,16,2308.74,regular
C01584,0.4405,3,4,266.62,dormant
C01585,0.0138,7,51,9436.01,regular
C01586,0.0024,5,113,27050.3,loyal
C01587,0.1118,5,71,16748.57,regular
C01588,0.0612,41,18,3903.83,regular
C01589,0.0283,97,58,12818.63,regular
C01590,0.3807,58,12,6814.63,occasional
C01591,0.3472,87,13,2270.4,new
C01592,0.0342,0,31,5348.82,regular
C01593,0.5992,6,13,2177.37,occasional
C01594,0.0242,22,44,11082.85,regular
C01595,0.048,23,44,9591.08,new
C01596,0.5512,10,65,10326.44,regular
C01597,0.0024,5,25,5315.82,loyal
C01598,0.1484,26,23,3196.61,occasional
C01599,0.9944,445,11,2778.06,at_risk
C01600,0.1507,7,20,5166.95,new
C01601,0.6544,48,20,7526.13,occasional
C01602,0.1262,13,20,9308.09,new
C01603,0.0094,61,27,4776.23,regular
C01604,0.0008,0,58,10649.1,loyal
C01605,0.0009,3,204,41337.23,loyal
C01606,0.001,0,266,57039.44,loyal
C01607,0.068,16,6,1816.97,regular
C01608,0.2292,0,17,2673.2999999999997,occasional
C01609,0.0138,22,19,2350.46,regular
C01610,0.3715,60,9,2310.35,occasional
C01611,0.4836,12,20,2112.08,occasional
C01612,0.8843,29,10,5998.6900000000005,at_risk
C01614,0.0099,2,3,385.72,regular
C01615,0.2369,19,10,539.0699999999999,regular
C01616,0.7378,1,28,3176.82,occasional
C01618,0.2456,13,23,5981.29,regular
C01619,0.018,0,61,13465.36,regular
C01620,0.9985,615,6,947.3000000000001,at_risk
C01621,0.0922,7,2,211.91,occasional
C01622,0.062,4,48,10336.63,regular
C01623,0.813,27,6,1682.03,occasional
C01624,0.0113,16,70,17419.63,new
C01625,0.0009,0,179,32211.27,loyal
C01626,0.0181,5,49,10962.14,new
C01627,0.016,7,56,12384.03,regular
C01628,0.6027,9,8,3948.9500000000003,occasional
C01631,0.9949,106,7,2810.84,dormant
C01632,0.1114,20,33,5557.27,occasional
C01634,0.021,15,28,2425.79,regular
C01635,0.0184,49,25,5962.72,new
C01636,0.9941,108,3,906.3,dormant
C01638,0.0035,24,41,9154.44,regular
C01639,0.9931,200,4,233.09,at_risk
C01640,0.731,73,4,280.41,occasional
C01641,0.9982,610,2,563.44,dormant
C01642,0.3038,32,24,6072.65,occasional
C01643,0.0079,35,35,4965.23,regular
C01644,0.0524,17,75,16639.39,regular
C01645,0.9978,441,10,778.67,at_risk
C01646,0.9938,170,2,242.18,dormant
C01648,0.9969,277,6,1163.62,at_risk
C01649,0.9989,424,2,165.10000000000002,dormant
C01650,0.002,25,149,29860.67,loyal
C01651,0.0013,5,61,10874.45,loyal
C01652,0.9979,266,7,1105.28,at_risk
C01653,0.5091,36,17,2523.1299999999997,occasional
C01654,0.0008,0,97,13404.15,loyal
C01655,0.028,62,38,7821.64,new
C01656,0.3097,108,6,888.7,occasional
C01659,0.1547,9,23,6512.68,new
C01660,0.155,0,19,4198.929999999999,occasional
C01661,0.0402,28,73,19903.12,regular
C01662,0.1174,13,29,4854.38,occasional
C01664,0.1055,37,2,215.1,at_risk
C01665,0.0204,52,3,134.47,regular
C01666,0.4518,75,22,8827.61,occasional
C01667,0.0026,1,144,31118.13,loyal
C01668,0.0136,6,8,1078.26,regular
C01669,0.1985,25,17,5220.58,regular
C01670,0.3983,26,9,1259.71,occasional
C01671,0.0268,17,26,4127.01,new
C01672,0.0019,1,136,20304.22,loyal
C01673,0.5012,28,24,7283.2300000000005,new
C01674,0.0781,49,5,1873.54,new
C01675,0.0285,11,57,10670.24,regular
C01676,0.7077,31,5,1481.28,at_risk
C01677,0.2878,73,20,2944.21,occasional
C01678,0.0292,9,44,6022.59,regular
C01682,0.9988,536,2,2408.77,dormant
C01683,0.05,52,6,1195.52,new
C01686,0.9987,819,2,356.31,dormant
C01687,0.0548,40,18,2162.46,regular
C01689,0.2833,109,3,647.41,occasional
C01690,0.0404,10,66,17466.98,regular
C01691,0.3359,76,12,3553.3900000000003,regular
C01692,0.0011,3,191,35463.909999999996,loyal
C01693,0.5101,21,9,1198.6499999999999,occasional
C01694,0.1583,10,27,2853.79,regular
C01695,0.0059,40,37,6057.969999999999,regular
C01696,0.0045,1,59,8827.61,loyal
C01697,0.0596,24,51,15475.96,regular
C01698,0.1699,18,21,7736.96,new
C01699,0.106,2,31,5705.34,regular
C01700,0.9684,142,10,1004.65,at_risk
C01701,0.9923,453,18,4770.58,at_risk
C01702,0.0528,7,46,9187.75,regular
C01703,0.0054,55,52,11815.6,new
C01704,0.9933,338,14,3548.25,at_risk
C01705,0.4368,17,15,3787.2400000000002,occasional
C01706,0.0018,7,111,22728.67,loyal
C01707,0.0008,0,151,40558.85,loyal
C01708,0.9987,532,6,1251.95,dormant
C01709,0.0135,51,44,9730.62,new
C01711,0.9852,81,2,277.79,dormant
C01712,0.0021,6,196,40784.97,loyal
C01713,0.0103,6,12,1607.05,new
C01714,0.1921,35,12,1156.25,occasional
C01715,0.0723,32,45,11228.47,new
C01716,0.001,33,163,37133.67,loyal
C01717,0.0527,1,74,19558.51,regular
C01718,0.9977,681,13,2352.6,at_risk
C01719,0.0075,48,40,5767.35,new
C01720,0.2603,34,22,4377.47,occasional
C01721,0.5136,1,8,1614.2,regular
C01722,0.1304,1,54,11806.619999999999,regular
C01724,0.2922,175,13,1771.6899999999998,occasional
C01725,0.2819,37,28,5996.05,occasional
C01726,0.7957,11,10,4176.8,occasional
C01727,0.4124,25,8,2375.35,occasional
C01728,0.2586,21,5,350.28,occasional
C01729,0.5044,64,25,2868.02,occasional
C01730,0.0534,17,45,9808.619999999999,new
C01731,0.9987,434,8,1288.53,dormant
C01734,0.4404,95,17,1319.46,occasional
C01735,0.9965,565,11,1675.9199999999998,at_risk
C01737,0.5283,36,17,3104.02,occasional
C01738,0.9892,729,13,4952.85,at_risk
C01739,0.9967,346,7,1261.5,at_risk
C01740,0.9979,418,7,169.13,at_risk
C01741,0.9825,165,15,5431.85,at_risk
C01742,0.0296,23,4,2799.2200000000003,regular
C01744,0.2372,21,18,3198.85,occasional
C01746,0.5291,61,22,5029.3099999999995,new
C01747,0.0955,71,33,7150.2699999999995,occasional
C01749,0.0329,12,55,13788.46,new
C01750,0.9899,214,18,5005.13,at_risk
C01751,0.8588,22,12,739.9200000000001,at_risk
C01752,0.0669,13,56,11970.93,regular
C01753,0.0183,37,47,12677.16,new
C01754,0.3439,78,15,1508.54,occasional
C01755,0.0737,3,4,2307.48,occasional
C01756,0.0014,7,174,44419.87,loyal
C01757,0.158,26,10,1715.11,occasional
C01758,0.9915,325,21,2646.09,at_risk
C01759,0.279,0,25,5562.93,occasional
C01760,0.6063,37,7,2997.4500000000003,occasional
C01761,0.0146,0,6,2050.91,new
C01762,0.9848,212,11,2273.1,at_risk
C01763,0.0793,26,76,17613.39,regular
C01764,0.999,656,2,787.14,dormant
C01765,0.9976,353,6,666.54,at_risk
C01766,0.9982,376,4,1637.82,dormant
C01767,0.999,306,6,1105.12,dormant
C01768,0.9989,571,3,503.02,dormant
C01769,0.9971,280,7,1940.9299999999998,at_risk
C01770,0.1116,34,31,6983.87,occasional
C01771,0.0254,0,22,4615.21,regular
C01772,0.44,41,6,2431.57,occasional
C01773,0.9524,138,3,433.13,at_risk
C01774,0.6353,24,34,7883.97,occasional
C01776,0.0013,7,235,55553.92,loyal
C01778,0.5209,29,37,6194.16,occasional
C01779,0.2102,56,21,3143.69,occasional
C01780,0.001,2,263,50435.159999999996,loyal
C01781,0.016,56,65,11296.72,regular
C01782,0.1335,25,14,1409.44,new
C01783,0.2703,41,6,976.7399999999999,occasional
C01784,0.0033,7,188,31254.81,loyal
C01786,0.2214,4,26,7375.070000000001,occasional
C01787,0.017,2,56,11135.82,regular
C01788,0.9968,491,8,1498.3899999999999,at_risk
C01789,0.0087,0,34,6651.21,new
C01790,0.0325,5,68,14031.720000000001,regular
C01791,0.3253,44,21,3936.98,occasional
C01792,0.0427,40,43,8253.99,regular
C01793,0.0366,20,66,14478.93,regular
C01794,0.0163,0,39,10070.28,new
C01795,0.3145,17,8,1568.8100000000002,occasional
C01796,0.047,13,20,5546.28,new
C01797,0.0047,4,62,13094.64,regular
C01798,0.0357,4,45,6285.74,regular
C01799,0.7953,68,5,683.2099999999999,occasional
C01800,0.6809,18,11,726.38,occasional
C01801,0.9591,39,5,743.05,dormant
C01802,0.0686,9,8,523.5600000000001,loyal
C01803,0.0696,6,6,2953.55,new
C01805,0.4955,70,7,1378.0800000000002,occasional
C01806,0.0431,12,38,6724.42,regular
C01807,0.1637,36,13,2531.1899999999996,occasional
C01808,0.0095,14,56,12940.0,regular
C01809,0.0732,2,6,2049.87,new
C01810,0.3183,28,7,1985.9,occasional
C01811,0.9966,115,5,914.0200000000001,dormant
C01812,0.8196,71,22,3838.79,occasional
C01813,0.0871,40,27,4863.86,occasional
C01814,0.9973,570,3,147.56,at_risk
C01816,0.9986,577,2,96.95,dormant
C01817,0.0546,63,49,14058.31,regular
C01818,0.9989,290,6,807.9100000000001,dormant
C01819,0.0347,2,4,565.27,new
C01820,0.0332,3,5,2654.2000000000003,new
C01821,0.3908,37,14,3980.95,occasional
C01822,0.0294,39,28,4813.7,new
C01823,0.0116,35,67,17334.54,regular
C01824,0.9979,442,7,2535.4300000000003,at_risk
C01825,0.0049,7,50,13112.11,regular
C01826,0.0318,11,51,12411.05,regular
C01827,0.3155,65,24,6159.02,occasional
C01828,0.0504,13,24,5136.49,regular
C01829,0.1185,51,91,16102.2,regular
C01830,0.044,13,66,9068.09,new
C01831,0.0599,14,65,10379.97,regular
C01832,0.9982,664,7,407.46000000000004,at_risk
C01833,0.0116,2,155,33933.78,loyal
C01835,0.279,13,6,686.82,new
C01836,0.2261,49,25,9134.49,occasional
C01837,0.9974,752,6,914.94,at_risk
C01838,0.9991,487,5,1674.21,dormant
C01839,0.1918,66,14,2132.6800000000003,new
C01840,0.0802,21,18,4182.07,regular
C01841,0.3472,48,3,1473.18,occasional
C01842,0.0947,19,36,12098.47,new
C01843,0.0283,13,62,15883.84,regular
C01844,0.0185,56,55,12974.8,new
C01845,0.0343,15,63,16929.23,regular
C01846,0.0494,1,56,12017.57,new
C01847,0.0042,5,26,3796.9,loyal
C01848,0.0007,0,183,42674.94,loyal
C01849,0.9737,44,5,1890.27,dormant
C01850,0.137,3,32,6999.03,new
C01851,0.0072,2,48,8360.64,new
C01853,0.2822,56,4,1650.88,occasional
C01854,0.0329,11,97,21972.74,regular
C01855,0.0067,8,49,10708.02,regular
C01856,0.1452,37,15,948.69,occasional
C01857,0.0316,29,44,8928.93,regular
C01859,0.0013,3,48,12088.72,loyal
C01860,0.16,1,30,7878.41,regular
C01861,0.1035,1,43,7758.33,regular
C01862,0.0485,23,38,5511.87,regular
C01863,0.0531,2,18,4258.63,regular
C01864,0.9955,562,16,2873.48,at_risk
C01865,0.0538,7,27,4935.29,regular
C01866,0.1904,4,10,2956.77,occasional
C01867,0.7847,17,14,3723.56,new
C01868,0.6297,49,7,343.42,occasional
C01869,0.9926,300,17,3045.35,at_risk
C01870,0.4984,4,30,6153.64,regular
C01871,0.0052,2,53,10461.43,regular
C01872,0.0232,19,28,2920.19,regular
C01873,0.9985,595,3,978.28,dormant
C01874,0.6219,110,14,1987.08,occasional
C01875,0.0168,30,73,21360.81,regular
C01876,0.3233,2,5,240.44,occasional
C01877,0.0277,19,23,4477.0,new
C01879,0.6533,12,22,4914.92,occasional
C01880,0.0379,1,18,2942.04,new
C01881,0.9973,637,3,846.25,at_risk
C01882,0.0542,132,23,6093.4800000000005,occasional
C01883,0.0355,31,63,14363.17,regular
C01884,0.0024,4,225,40145.15,loyal
C01886,0.3088,83,23,6829.18,occasional
C01887,0.4132,10,5,2193.88,occasional
C01888,0.0704,41,29,5165.51,occasional
C01889,0.0013,1,152,28745.02,loyal
C01890,0.5646,15,13,3139.6499999999996,new
C01892,0.0431,18,4,348.74,new
C01893,0.3761,36,25,4071.75,occasional
C01895,0.0008,0,71,17426.25,loyal
C01896,0.0198,0,62,14470.48,new
C01897,0.0203,47,55,9246.29,regular
C01898,0.063,0,5,748.4,loyal
C01899,0.9961,387,9,2148.54,at_risk
C01900,0.0259,2,70,15867.63,regular
C01901,0.0894,10,7,2192.8,regular
C01905,0.0333,4,4,613.81,regular
C01906,0.0763,1,30,5452.43,regular
C01907,0.0922,10,56,10001.64,regular
C01908,0.0392,1,30,9310.48,regular
C01909,0.0059,2,152,41852.1,loyal
C01910,0.3899,28,25,5382.05,regular
C01911,0.4082,15,16,1462.92,occasional
C01913,0.0015,3,180,45090.7,loyal
C01914,0.0303,31,21,2476.38,regular
C01915,0.999,834,3,141.66,dormant
C01916,0.0289,8,27,7764.92,new
C01917,0.8924,60,3,801.1600000000001,at_risk
C01918,0.0689,0,25,3895.42,regular
C01919,0.2279,77,27,8835.92,occasional
C01920,0.0965,52,3,751.8,regular
C01921,0.0362,38,57,17405.1,regular
C01922,0.1135,20,8,2842.6,regular
C01923,0.1901,27,12,2831.8900000000003,occasional
C01924,0.041,13,74,17493.2,regular
C01925,0.2579,4,14,1404.43,occasional
C01926,0.0878,23,61,8206.869999999999,regular
C01928,0.0175,9,25,3488.1200000000003,new
C01929,0.0918,13,40,6243.79,new
C01930,0.0204,2,41,8035.2699999999995,regular
C01931,0.3838,7,8,683.55,occasional
C01932,0.0126,4,62,12226.16,regular
C01933,0.0008,7,157,29227.23,loyal
C01934,0.9968,357,7,1435.68,at_risk
C01935,0.0127,2,70,18941.04,regular
C01936,0.418,140,2,96.1,occasional
C01937,0.179,36,21,1945.96,occasional
C01938,0.6269,19,12,4344.8,regular
C01939,0.0027,4,144,33377.92,loyal
C01940,0.0269,0,41,8508.28,regular
C01941,0.9993,663,5,4094.0,dormant
C01942,0.2508,115,10,1680.7,occasional
C01943,0.1463,10,13,2372.08,regular
C01944,0.0024,2,206,44194.94,loyal
C01945,0.4457,59,15,5481.12,occasional
C01946,0.0037,2,92,20916.79,loyal
C01947,0.2629,155,20,3418.92,occasional
C01948,0.9969,478,5,649.8,at_risk
C01949,0.194,5,16,2037.81,occasional
C01950,0.0374,14,31,1929.3700000000001,regular
C01951,0.0014,1,73,15351.25,loyal
C01952,0.0008,0,74,17084.54,loyal
C01953,0.2353,18,3,247.26999999999998,occasional
C01954,0.0191,20,58,14411.72,new
C01955,0.0641,7,45,5627.7699999999995,regular
C01956,0.2821,26,34,7132.88,occasional
C01957,0.9965,730,11,2002.3799999999999,at_risk
C01958,0.001,8,189,34592.65,loyal
C01959,0.0771,1,34,5254.17,regular
C01960,0.1095,18,3,368.86,regular
C01961,0.9145,26,12,970.81,at_risk
C01962,0.2366,58,18,2812.77,occasional
C01963,0.9364,65,14,3849.5899999999997,at_risk
C01964,0.0275,30,58,15140.57,new
C01965,0.1921,28,5,335.44,at_risk
C01967,0.9975,719,4,2919.44,at_risk
C01968,0.0318,24,49,7217.92,new
C01969,0.0549,15,8,1085.38,new
C01970,0.9972,290,7,426.2,at_risk
C01971,0.0546,16,3,859.02,new
C01973,0.2945,0,16,2249.35,occasional
C01974,0.3134,57,20,3059.91,occasional
C01975,0.194,4,20,2474.32,occasional
C01976,0.0144,38,47,11298.45,new
C01977,0.215,45,11,1199.11,occasional
C01978,0.0267,38,29,6371.3,new
C01979,0.0507,12,35,5585.07,new
C01980,0.9983,618,3,1071.47,dormant
C01981,0.0111,31,64,15134.81,regular
C01982,0.9842,111,9,5701.62,at_risk
C01983,0.998,697,10,1251.31,at_risk
C01984,0.9991,617,3,602.89,dormant
C01985,0.932,27,2,437.61,dormant
C01986,0.2616,14,28,4938.05,occasional
C01987,0.2088,24,12,1391.45,occasional
C01988,0.0513,2,57,7909.5,regular
C01989,0.9988,701,8,4176.6900000000005,dormant
C01990,0.0562,1,31,5864.860000000001,regular
C01991,0.9948,240,9,2663.72,at_risk
C01992,0.027,12,32,7755.509999999999,new
C01993,0.1771,52,27,4644.6900000000005,occasional
C01994,0.0319,3,53,16367.300000000001,regular
C01995,0.0121,25,32,5146.87,regular
C01996,0.1,2,6,296.49,new
C01997,0.2085,94,16,2560.31,occasional
C01998,0.0009,13,169,31251.21,loyal
C01999,0.9966,427,5,1552.32,at_risk
C02000,0.0384,2,52,13346.8,regular
C02001,0.0215,9,60,17974.6,new
C02002,0.0401,2,57,11080.21,regular
C02003,0.1593,19,15,1738.1499999999999,regular
C02004,0.0013,20,169,39530.44,loyal
C02005,0.0911,71,26,4668.51,occasional
C02006,0.346,83,8,2327.6499999999996,occasional
C02008,0.3571,16,6,512.61,occasional
C02009,0.0085,16,46,8769.77,regular
C02010,0.0073,18,57,14146.05,regular
C02011,0.2113,17,11,2967.5699999999997,regular
C02012,0.9476,10,4,106.22,dormant
C02013,0.0443,16,73,18098.2,regular
C02015,0.1324,31,11,1369.58,regular
C02016,0.0018,5,189,33037.48,loyal
C02017,0.0469,0,12,4078.05,regular
C02018,0.0024,2,186,37812.76,loyal
C02019,0.039,4,49,15673.59,new
C02020,0.3599,61,24,3804.06,occasional
C02021,0.0345,11,27,5678.650000000001,regular
C02022,0.9913,179,9,1665.5600000000002,at_risk
C02023,0.7531,100,8,972.38,occasional
C02024,0.999,686,7,4357.53,dormant
C02025,0.9992,621,6,230.57999999999998,dormant
C02026,0.6548,15,4,737.49,at_risk
C02028,0.0622,38,21,4882.69,new
C02029,0.0816,120,24,6758.61,occasional
C02030,0.2341,3,8,1343.8799999999999,at_risk
C02031,0.0021,4,78,15411.050000000001,loyal
C02032,0.9961,268,10,1569.23,at_risk
C02033,0.9994,693,4,245.2,dormant
C02035,0.0355,8,31,8192.75,new
C02036,0.9984,770,2,694.5699999999999,dormant
C02037,0.0202,18,58,10338.9,regular
C02038,0.1862,33,18,3071.76,occasional
C02039,0.9992,743,3,71.19999999999999,dormant
C02040,0.999,493,3,267.96000000000004,dormant
C02041,0.0113,6,40,7321.94,regular
C02043,0.9971,704,3,758.01,at_risk
C02044,0.1587,62,21,7649.65,regular
C02046,0.0081,10,31,7857.3,loyal
C02047,0.0192,2,2,59.7,regular
C02048,0.2876,45,28,7348.61,occasional
C02049,0.7006,45,5,391.12,at_risk
C02051,0.0385,3,28,8412.81,new
C02052,0.5799,2,13,1098.04,occasional
C02053,0.1041,1,30,7321.53,regular
C02054,0.0058,1,132,29626.57,loyal
C02055,0.037,1,56,15731.07,regular
C02058,0.0016,0,159,45825.479999999996,loyal
C02059,0.0174,0,18,2776.63,regular
C02060,0.9964,384,12,2431.14,at_risk
C02061,0.1608,76,2,895.14,occasional
C02062,0.9988,289,5,451.24,dormant
C02063,0.019,0,46,11694.34,new
C02064,0.4888,7,35,10874.51,occasional
C02065,0.1575,59,16,2752.5,regular
C02066,0.6325,108,13,2692.5299999999997,occasional
C02067,0.0013,17,179,39769.61,loyal
C02068,0.6631,36,24,6572.78,occasional
C02070,0.1273,53,33,4627.18,occasional
C02071,0.0402,26,12,1274.9099999999999,regular
C02072,0.2211,18,2,171.26999999999998,at_risk
C02073,0.0735,17,76,15768.31,new
C02074,0.9978,248,7,684.53,at_risk
C02075,0.6469,14,5,2877.81,occasional
C02076,0.2655,6,22,7512.9,occasional
C02077,0.0008,12,89,16627.579999999998,loyal
C02078,0.9964,387,9,1045.83,at_risk
C02079,0.2674,4,15,1613.3,occasional
C02080,0.0532,5,35,6561.400000000001,regular
C02081,0.0911,1,11,4575.0199999999995,regular
C02082,0.9977,219,6,596.21,dormant
C02083,0.246,2,10,2704.53,occasional
C02085,0.3315,42,4,422.88,occasional
C02087,0.5373,21,11,3302.23,occasional
C02088,0.1133,1,46,10024.31,regular
C02090,0.9959,443,11,1222.97,at_risk
C02091,0.0009,0,173,30992.38,loyal
C02092,0.0251,22,32,4192.53,new
C02094,0.9968,244,9,2234.64,at_risk
C02095,0.1393,3,21,3782.12,occasional
C02096,0.9969,308,11,1893.08,at_risk
C02097,0.4626,11,30,3530.9,occasional
C02098,0.9975,214,7,2373.06,dormant
C02099,0.2266,11,20,3184.93,occasional
C02100,0.985,226,13,2631.4,at_risk
C02101,0.9943,389,13,5471.12,at_risk
C02102,0.0764,1,37,7341.87,regular
C02104,0.3985,68,27,3428.74,occasional
C02105,0.055,7,56,12143.789999999999,regular
C02106,0.0218,17,34,7357.49,regular
C02107,0.055,3,43,9330.61,regular
C02108,0.2686,1,24,5003.900000000001,occasional
C02109,0.0439,28,43,8956.07,regular
C02110,0.0301,37,54,5698.88,new
C02111,0.1981,27,20,4997.99,occasional
C02112,0.9713,86,8,4471.57,at_risk
C02114,0.3184,11,10,1959.34,occasional
C02115,0.1098,28,5,388.5,loyal
C02116,0.9935,534,9,3269.18,at_risk
C02117,0.066,0,15,1185.26,regular
C02118,0.999,263,3,96.05,dormant
C02119,0.131,1,13,1971.8799999999999,regular
C02120,0.0865,0,8,2729.14,occasional
C02121,0.1678,2,34,10352.01,regular
C02122,0.2319,0,29,4323.25,occasional
C02123,0.1838,1,17,3011.96,occasional
C02124,0.1114,12,9,3244.7200000000003,regular
C02127,0.001,0,138,27904.8,loyal
C02128,0.999,287,2,175.14000000000001,dormant
C02129,0.7664,59,28,3120.21,occasional
C02130,0.0008,9,91,19888.29,loyal
C02132,0.0019,6,264,53067.88,loyal
C02133,0.2431,21,6,1391.14,occasional
C02135,0.9912,78,2,670.6,dormant
C02136,0.9974,393,4,153.43,at_risk
C02137,0.1981,100,28,5228.43,occasional
C02138,0.4135,7,2,278.69,dormant
C02139,0.1063,1,7,809.53,loyal
C02140,0.999,263,3,386.25,dormant
C02141,0.0618,3,63,9353.65,new
C02142,0.9987,284,2,25.65,dormant
C02143,0.7183,75,71,12157.1,regular
C02145,0.9668,96,8,2130.0699999999997,at_risk
C02146,0.2796,11,2,486.25,occasional
C02147,0.3407,39,11,1339.5700000000002,occasional
C02148,0.9973,732,5,1186.37,dormant
C02149,0.1185,76,21,4569.5199999999995,occasional
C02150,0.0697,6,43,14830.33,regular
C02151,0.4058,25,7,654.76,occasional
C02152,0.1077,9,70,13140.17,regular
C02153,0.0183,19,10,779.25,regular
C02154,0.038,22,41,6687.69,regular
C02155,0.0639,7,36,12302.880000000001,new
C02156,0.9973,539,8,1542.78,at_risk
C02157,0.2749,78,11,1662.7,occasional
C02158,0.014,67,38,4487.48,regular
C02159,0.9982,728,10,945.03,at_risk
C02160,0.0659,105,23,4430.91,new
C02161,0.0353,0,11,4059.0,new
C02163,0.1156,6,6,975.04,new
C02166,0.022,23,41,4586.9,new
C02167,0.0903,1,10,4287.85,regular
C02168,0.0182,8,49,9170.24,regular
C02169,0.0724,13,86,20183.11,regular
C02170,0.4146,8,19,6487.68,occasional
C02171,0.2926,113,4,954.8599999999999,occasional
C02172,0.991,585,20,4443.7699999999995,at_risk
C02173,0.1825,33,5,191.11,occasional
C02174,0.0989,2,7,696.6,regular
C02175,0.0229,3,54,12165.29,new
C02176,0.0655,0,28,6525.389999999999,regular
C02177,0.9992,612,3,713.04,dormant
C02178,0.0175,5,50,16428.47,regular
C02179,0.6766,70,18,1892.84,occasional
C02181,0.0104,46,56,8122.38,new
C02183,0.997,95,8,4129.56,dormant
C02184,0.2702,32,3,157.46,occasional
C02185,0.1028,6,9,717.51,occasional
C02186,0.3046,21,22,2389.81,occasional
C02188,0.4661,18,20,4224.05,occasional
C02190,0.0121,35,3,143.97,regular
C02191,0.6448,75,7,801.7099999999999,occasional
C02192,0.1714,18,11,1646.73,occasional
C02193,0.0062,8,213,33255.29,loyal
C02194,0.0015,2,197,35977.99,loyal
C02195,0.0122,2,39,5724.4800000000005,regular
C02196,0.0158,3,8,1993.5500000000002,regular
C02197,0.6587,101,9,704.98,occasional
C02198,0.0905,19,37,6068.12,regular
C02199,0.0069,16,56,13938.47,new
C02200,0.088,18,30,7212.5,regular
C02201,0.0011,38,69,13032.710000000001,loyal
C02203,0.2859,80,5,675.7099999999999,regular
C02204,0.7222,87,10,807.0699999999999,occasional
C02206,0.9986,393,8,1736.6399999999999,dormant
C02208,0.0008,8,139,28749.85,loyal
C02209,0.5428,12,16,2608.65,occasional
C02210,0.9985,433,2,167.07999999999998,dormant
C02211,0.9995,702,4,414.94,dormant
C02212,0.0024,7,241,52223.21,loyal
C02213,0.0336,3,8,1425.46,regular
C02214,0.2163,25,13,3481.7599999999998,regular
C02215,0.0025,3,71,12025.46,regular
C02216,0.1586,18,8,835.04,at_risk
C02217,0.0124,38,54,14149.39,regular
C02218,0.0056,35,48,8938.12,regular
C02219,0.0021,3,70,16644.48,loyal
C02220,0.1461,37,18,2100.85,occasional
C02221,0.0936,15,16,2943.44,regular
C02223,0.0634,24,72,16610.46,regular
C02224,0.9992,784,4,682.24,dormant
C02226,0.2591,4,8,1915.71,occasional
C02227,0.1323,4,41,6641.3,regular
C02228,0.0023,3,116,18249.66,loyal
C02229,0.0843,14,29,5198.95,regular
C02230,0.0028,3,39,10371.99,loyal
C02231,0.0923,18,15,2110.97,regular
C02232,0.1745,79,25,6091.61,occasional
C02233,0.9885,170,11,2919.93,at_risk
C02234,0.001,8,64,15359.76,loyal
C02235,0.69,17,22,5864.79,occasional
C02236,0.5401,19,16,2278.2,occasional
C02237,0.0922,6,22,4755.71,regular
C02238,0.0684,23,20,5245.29,regular
C02239,0.0031,3,203,42092.29,loyal
C02240,0.034,32,109,24126.57,regular
C02241,0.3466,9,9,3238.59,occasional
C02244,0.9992,313,6,436.49,dormant
C02246,0.0009,12,240,41880.6,loyal
C02247,0.0285,8,42,6772.2699999999995,regular
C02248,0.1649,5,46,7808.360000000001,regular
C02249,0.0009,8,98,26723.61,loyal
C02250,0.0012,3,159,35683.4,loyal
C02251,0.4158,19,10,2300.51,occasional
C02252,0.0084,6,71,11740.65,regular
C02253,0.0319,30,72,16517.92,regular
C02254,0.9951,647,7,999.96,at_risk
C02255,0.0229,5,38,10928.7,regular
C02257,0.0309,16,59,9602.32,regular
C02258,0.605,4,13,1102.46,occasional
C02259,0.3871,1,61,14361.33,regular
C02260,0.4604,22,5,287.65999999999997,occasional
C02261,0.0541,22,36,5004.26,regular
C02263,0.7788,11,24,7986.76,occasional
C02264,0.018,13,83,14452.47,regular
C02265,0.1615,10,21,3972.29,regular
C02266,0.9971,197,6,1093.8899999999999,dormant
C02268,0.1649,11,6,707.54,occasional
C02269,0.4865,28,3,728.11,occasional
C02270,0.0722,0,22,7035.070000000001,regular
C02271,0.3527,53,8,832.3199999999999,occasional
C02272,0.0011,4,148,42636.37,loyal
C02273,0.9964,594,13,2982.7,at_risk
C02274,0.0233,6,43,9493.08,regular
C02275,0.0348,4,46,12844.31,regular
C02276,0.1201,6,72,16223.210000000001,regular
C02277,0.9992,630,7,924.87,dormant
C02278,0.0174,15,52,12316.94,new
C02279,0.9991,446,4,335.96,dormant
C02281,0.9947,296,9,1495.21,at_risk
C02284,0.8297,71,25,2625.71,occasional
C02285,0.0058,6,58,11922.630000000001,regular
C02286,0.7763,8,12,6929.08,occasional
C02287,0.5699,30,9,2761.42,occasional
C02288,0.0268,2,47,12784.6,regular
C02289,0.0978,54,28,4128.74,regular
C02291,0.5704,19,37,12567.42,new
C02292,0.1824,14,64,12847.710000000001,regular
C02293,0.1018,17,40,4936.58,new
C02295,0.633,30,9,1604.94,at_risk
C02296,0.0169,32,3,480.04,regular
C02297,0.6714,17,5,641.88,dormant
C02298,0.1748,3,20,3994.56,occasional
C02299,0.0685,5,51,10471.5,regular
C02300,0.0364,14,59,14176.81,regular
C02301,0.0735,44,69,17134.82,regular
C02302,0.0209,11,7,1059.42,regular
C02304,0.9985,663,5,1889.45,dormant
C02305,0.9502,76,4,566.23,at_risk
C02306,0.2904,4,14,2619.4100000000003,occasional
C02307,0.4467,4,29,5329.29,occasional
C02309,0.0311,23,2,992.7,new
C02310,0.0359,16,36,5570.15,regular
C02311,0.9936,156,5,1386.55,dormant
C02312,0.0197,54,24,3423.18,regular
C02313,0.0537,7,5,1124.01,new
C02314,0.9983,408,2,215.83,dormant
C02316,0.0412,40,83,15115.67,regular
C02317,0.7395,31,20,2361.58,occasional
C02319,0.0125,3,47,6123.93,new
C02320,0.0341,4,50,9382.99,regular
C02321,0.9303,66,5,922.01,at_risk
C02322,0.9987,668,2,347.84000000000003,dormant
C02323,0.3689,2,37,9703.41,regular
C02324,0.0089,6,66,11246.66,regular
C02325,0.6105,9,22,5275.42,occasional
C02327,0.008,21,45,7905.32,regular
C02328,0.0014,6,253,57264.63,loyal
C02329,0.2913,4,5,663.0699999999999,occasional
C02330,0.1211,24,2,676.5699999999999,occasional
C02331,0.285,46,27,9604.77,occasional
C02332,0.0869,28,12,1890.65,regular
C02333,0.2476,44,10,4625.04,occasional
C02334,0.0516,7,6,1014.11,regular
C02335,0.0187,9,77,12579.92,regular
C02337,0.0322,3,22,3306.9,regular
C02338,0.3863,24,6,1530.2,occasional
C02339,0.9991,468,4,689.73,dormant
C02341,0.1156,21,10,1699.3400000000001,occasional
C02342,0.0008,0,200,35834.88,loyal
C02344,0.007,8,27,5194.04,loyal
C02345,0.997,468,7,958.1099999999999,at_risk
C02346,0.0812,17,26,6120.120000000001,new
C02347,0.074,74,44,13956.789999999999,regular
C02348,0.0341,5,39,8924.01,regular
C02350,0.2822,18,2,34.31,occasional
C02351,0.4947,70,16,3371.17,occasional
C02353,0.9986,380,4,156.26,dormant
C02354,0.0735,13,13,1674.2299999999998,regular
C02355,0.9603,84,9,2016.38,at_risk
C02356,0.5084,107,20,2051.4,occasional
C02357,0.0086,44,45,6881.33,regular
C02358,0.9984,419,2,79.75999999999999,dormant
C02359,0.0601,8,12,983.63,loyal
C02360,0.9948,386,12,1765.71,at_risk
C02361,0.9973,467,9,1002.61,at_risk
C02362,0.9989,447,4,384.32,dormant
C02363,0.6694,43,16,4089.27,occasional
C02364,0.1301,1,63,14290.81,regular
C02365,0.0275,26,54,12063.05,new
C02366,0.0243,13,67,12737.29,new
C02367,0.3978,109,4,591.03,occasional
C02368,0.9967,647,8,1597.02,at_risk
C02369,0.1306,12,30,5853.68,regular
C02370,0.7805,81,2,103.39,occasional
C02371,0.3225,21,14,4805.8,new
C02372,0.4695,2,45,6388.17,regular
C02373,0.7425,5,12,980.99,occasional
C02375,0.1388,84,2,1454.0,new
C02376,0.0318,31,45,7397.91,new
C02377,0.0278,0,72,13806.85,regular
C02378,0.9986,529,2,353.72,dormant
C02379,0.0354,0,58,13555.1,regular
C02380,0.1161,31,2,3622.36,occasional
C02381,0.5162,47,19,6030.72,occasional
C02382,0.0291,8,48,13086.43,new
C02384,0.3644,44,7,521.9,at_risk
C02385,0.2646,23,24,9243.47,occasional
C02386,0.2873,6,21,6585.99,occasional
C02387,0.6654,1,25,4359.099999999999,occasional
C02388,0.4344,8,6,956.5799999999999,occasional
C02390,0.0895,56,2,102.36,occasional
C02392,0.9961,692,11,2925.9300000000003,at_risk
C02393,0.0245,12,53,9843.779999999999,new
C02394,0.1109,7,38,5725.84,regular
C02395,0.3748,26,21,2684.21,occasional
C02396,0.0018,2,178,36912.99,loyal
C02397,0.0906,5,68,12598.029999999999,regular
C02399,0.0109,14,70,11520.4,regular
C02400,0.0031,28,170,32820.51,loyal
C02401,0.9947,572,9,3218.4700000000003,at_risk
C02402,0.288,0,21,6127.26,occasional
C02403,0.4241,18,11,2016.78,occasional
C02404,0.0048,36,43,7562.04,regular
C02405,0.1813,13,2,415.98,occasional
C02406,0.5042,14,24,4822.75,occasional
C02407,0.3427,9,11,2782.14,occasional
C02408,0.5099,10,9,2339.77,occasional
C02409,0.0012,10,98,15347.35,loyal
C02410,0.9925,116,3,881.78,dormant
C02411,0.0013,5,209,53074.75,loyal
C02412,0.1543,41,12,2747.06,occasional
C02413,0.0937,4,17,3732.29,regular
C02414,0.079,20,2,239.41000000000003,occasional
C02415,0.1466,49,23,5108.7,regular
C02416,0.1087,9,27,4228.05,new
C02417,0.0155,29,10,881.77,regular
C02418,0.893,273,2,187.77999999999997,occasional
C02420,0.0081,1,202,31365.39,loyal
C02421,0.6362,68,13,1616.41,occasional
C02422,0.311,140,20,3284.64,occasional
C02423,0.3034,10,21,5199.62,occasional
C02424,0.999,388,6,1016.4799999999999,dormant
C02425,0.9975,529,9,973.09,at_risk
C02426,0.9987,436,4,2985.42,dormant
C02427,0.0543,13,41,15418.82,regular
C02428,0.1326,57,9,826.17,new
C02431,0.9991,453,4,314.89,dormant
C02432,0.9961,457,8,1163.96,at_risk
C02433,0.101,24,12,1627.46,new
C02434,0.9987,660,6,825.64,at_risk
C02435,0.0799,42,31,10404.52,regular
C02436,0.9961,347,10,1404.9699999999998,at_risk
C02437,0.4311,304,13,3153.96,occasional
C02438,0.9985,255,2,1157.1599999999999,dormant
C02439,0.0781,1,59,10330.77,new
C02440,0.0043,6,146,36003.98,loyal
C02441,0.0632,13,24,4749.639999999999,regular
C02442,0.0016,2,211,57254.14,loyal
C02443,0.2192,46,8,1995.5900000000001,occasional
C02444,0.0015,0,223,48211.25,loyal
C02445,0.9965,329,8,2342.4300000000003,at_risk
C02446,0.2675,30,4,542.9399999999999,occasional
C02447,0.0177,29,43,7442.57,new
C02448,0.0236,18,27,8009.17,regular
C02449,0.8123,8,9,567.65,occasional
C02450,0.1761,21,3,167.29,loyal
C02451,0.0452,12,40,8863.0,new
C02452,0.3115,13,16,4606.93,regular
C02454,0.2156,47,10,1941.71,regular
C02455,0.0675,1,61,15387.17,new
C02456,0.0055,14,38,7398.52,loyal
C02457,0.1436,173,20,3511.2599999999998,occasional
C02458,0.985,197,18,3624.34,at_risk
C02459,0.9744,277,26,8629.88,at_risk
C02460,0.5828,11,29,9629.32,regular
C02461,0.0024,1,110,26362.12,loyal
C02462,0.6736,8,27,5544.6,occasional
C02463,0.0556,6,45,6603.01,regular
C02465,0.0179,17,54,16097.529999999999,regular
C02466,0.1987,57,13,2516.26,occasional
C02468,0.324,8,26,8482.51,occasional
C02469,0.3142,2,27,6515.24,regular
C02470,0.9964,287,4,1379.79,at_risk
C02471,0.0009,4,96,17195.62,loyal
C02472,0.4596,1,3,175.07,dormant
C02473,0.9973,359,9,612.41,at_risk
C02475,0.0013,3,242,53646.02,loyal
C02476,0.1763,28,19,5798.79,regular
C02477,0.0378,2,33,4525.84,regular
C02478,0.0128,1,64,14380.73,regular
C02479,0.0245,1,59,13061.539999999999,new
C02480,0.8024,10,6,3896.0600000000004,occasional
C02481,0.433,5,23,4190.24,regular
C02482,0.781,15,9,779.25,occasional
C02483,0.0221,5,65,10910.42,regular
C02484,0.9975,233,7,3304.06,dormant
C02485,0.0023,0,314,74332.45,loyal
C02486,0.9972,308,3,822.84,at_risk
C02487,0.0408,7,39,9599.09,new
C02488,0.1152,3,7,621.91,loyal
C02489,0.0064,6,69,19592.28,regular
C02490,0.0861,1,33,4950.02,regular
C02491,0.1077,28,13,2088.33,new
C02492,0.4893,4,32,7815.66,occasional
C02493,0.3717,1,8,1321.18,at_risk
C02494,0.1014,33,11,2599.17,new
C02495,0.1138,43,16,2012.5800000000002,new
C02496,0.3739,102,4,1208.32,occasional
C02497,0.4761,44,4,829.48,occasional
C02498,0.8637,31,6,209.35999999999999,at_risk
C02500,0.0138,43,32,4440.53,new
C02501,0.0011,0,126,28125.64,loyal
C02502,0.0359,7,17,2005.18,regular
C02503,0.0495,11,50,16325.52,new
C02504,0.0137,3,12,2105.77,regular
C02505,0.2223,1,13,4185.61,regular
C02506,0.1209,56,22,2868.1,regular
C02507,0.0841,56,27,5748.2699999999995,occasional
C02508,0.0261,3,27,3545.7799999999997,new
C02509,0.001,0,112,24763.48,loyal
C02510,0.0021,4,53,9170.029999999999,loyal
C02515,0.0257,43,19,1967.63,new
C02516,0.0274,19,28,4279.59,regular
C02517,0.2071,17,24,4886.83,new
C02518,0.9969,334,7,1363.76,at_risk
C02519,0.3775,27,18,4613.93,occasional
C02520,0.2788,81,2,638.41,occasional
C02521,0.068,17,33,8792.38,new
C02522,0.046,36,27,6525.23,new
C02523,0.998,684,12,1260.31,at_risk
C02525,0.4758,9,16,1424.71,occasional
C02526,0.0509,16,28,7464.32,new
C02527,0.1883,15,20,3966.85,new
C02528,0.0744,56,28,3375.94,regular
C02529,0.0017,11,42,7033.57,loyal
C02530,0.5366,1,17,5024.51,occasional
C02531,0.02,47,59,14408.37,new
C02532,0.0206,39,54,14482.62,regular
C02533,0.9958,561,13,4329.91,at_risk
C02534,0.003,26,157,40694.42,loyal
C02535,0.0289,21,35,9159.18,regular
C02536,0.1416,116,28,5371.67,occasional
C02537,0.1762,12,20,3779.42,regular
C02538,0.0164,11,48,7213.82,new
C02539,0.0523,3,8,1084.3000000000002,regular
C02540,0.9969,155,4,327.29,dormant
C02541,0.0025,5,66,15192.9,regular
C02542,0.9983,301,9,4448.88,dormant
C02543,0.4224,42,27,5802.15,occasional
C02544,0.0006,0,243,47635.87,loyal
C02546,0.0034,26,43,7980.08,loyal
C02547,0.3006,53,14,4970.29,occasional
C02548,0.0286,11,39,6671.81,new
C02549,0.1381,10,27,5116.18,occasional
C02550,0.1956,143,16,5660.4,occasional
C02551,0.2107,21,20,1759.45,occasional
C02552,0.1564,24,19,8689.13,occasional
C02553,0.9977,282,9,1025.58,at_risk
C02554,0.1185,40,25,3418.85,occasional
C02555,0.3689,18,3,3719.31,at_risk
C02556,0.9914,144,3,576.36,dormant
C02557,0.0302,1,24,7002.22,regular
C02558,0.0059,7,251,48940.96,loyal
C02559,0.0954,3,16,1609.08,regular
C02560,0.1337,51,3,161.07,occasional
C02561,0.0558,75,64,10717.44,regular
C02562,0.9884,117,3,1550.58,dormant
C02563,0.3477,14,29,3285.09,occasional
C02564,0.9118,16,8,370.77000000000004,occasional
C02565,0.0895,9,25,3755.39,new
C02566,0.0422,31,10,1097.86,regular
C02567,0.5467,5,57,9205.8,new
C02568,0.0015,4,162,34758.65,loyal
C02569,0.31,19,16,2188.4,occasional
C02570,0.9988,580,4,1814.77,dormant
C02571,0.061,1,27,6036.49,new
C02572,0.0117,35,37,6788.650000000001,new
C02573,0.057,16,75,16781.22,regular
C02574,0.0626,32,15,1224.14,new
C02575,0.7653,16,9,1145.83,occasional
C02576,0.3006,12,5,2521.38,occasional
C02577,0.0009,16,65,11935.99,loyal
C02578,0.0606,20,63,11783.58,regular
C02579,0.2134,48,25,4521.26,occasional
C02580,0.0008,18,125,31218.74,loyal
C02581,0.9966,325,13,1351.99,at_risk
C02582,0.0128,0,64,13044.43,new
C02583,0.9916,83,2,129.4,dormant
C02584,0.001,3,101,18882.33,loyal
C02585,0.9971,106,7,1076.44,dormant
C02586,0.029,6,155,41049.43,loyal
C02587,0.1861,1,5,1425.0400000000002,occasional
C02588,0.0206,36,57,16690.04,new
C02589,0.0025,6,109,23548.01,loyal
C02590,0.0009,7,157,28556.52,loyal
C02591,0.0358,11,22,5162.24,loyal
C02592,0.3149,83,22,3147.73,occasional
C02593,0.0335,1,50,12743.0,new
C02594,0.0226,57,52,9317.5,regular
C02595,0.0082,40,46,12538.76,regular
C02596,0.1972,26,30,4444.79,occasional
C02597,0.0293,4,68,11771.29,regular
C02598,0.9971,562,10,1900.45,at_risk
C02599,0.9985,419,2,130.76,dormant
C02600,0.9976,434,5,707.7,at_risk
C02601,0.1424,102,20,4321.37,new
C02602,0.2531,124,2,164.64,occasional
C02603,0.0374,16,29,6697.95,new
C02604,0.0206,11,6,364.94,regular
C02605,0.0032,9,49,11367.31,loyal
C02606,0.9964,614,10,1421.05,at_risk
C02607,0.002,1,144,23842.3,loyal
C02608,0.0058,0,57,12833.289999999999,new
C02609,0.9939,467,14,3797.46,at_risk
C02610,0.9987,509,2,109.82,dormant
C02611,0.0153,7,82,17251.6,regular
C02612,0.8282,27,36,5422.0199999999995,occasional
C02613,0.9976,345,9,1108.18,at_risk
C02614,0.054,22,18,1741.83,regular
C02615,0.0375,41,27,2485.46,occasional
C02616,0.2174,40,4,831.1100000000001,at_risk
C02617,0.9991,464,5,731.6600000000001,dormant
C02618,0.1338,27,2,317.53999999999996,at_risk
C02619,0.0013,18,171,41064.27,loyal
C02620,0.4732,21,9,4622.59,occasional
C02621,0.6581,7,8,1195.8600000000001,occasional
C02622,0.0357,0,60,10005.85,regular
C02623,0.8065,0,2,66.59,occasional
C02624,0.0262,8,49,6577.29,regular
C02625,0.0013,14,92,12175.52,loyal
C02626,0.576,58,6,444.65000000000003,occasional
C02627,0.0158,4,33,7593.94,regular
C02628,0.2009,57,26,10042.24,occasional
C02629,0.0756,49,2,69.97,regular
C02630,0.9925,183,4,2192.75,at_risk
C02632,0.0046,60,57,12169.77,new
C02633,0.0007,5,87,22478.11,loyal
C02634,0.3353,54,8,618.06,occasional
C02636,0.1083,22,5,1046.72,regular
C02638,0.0877,2,26,4309.17,new
C02639,0.996,70,8,2233.28,dormant
C02640,0.1157,2,36,6111.94,regular
C02641,0.0326,98,29,4097.0,regular
C02642,0.9542,62,6,482.98,at_risk
C02643,0.186,3,30,5599.33,occasional
C02644,0.1644,7,13,2090.27,regular
C02645,0.9935,743,12,2776.0099999999998,at_risk
C02646,0.4322,23,11,1048.77,occasional
C02647,0.9969,289,11,2160.12,at_risk
C02648,0.0133,3,38,11675.48,regular
C02649,0.4187,1,19,1828.85,occasional
C02650,0.034,11,56,12254.49,regular
C02651,0.9972,355,5,405.63,at_risk
C02652,0.0418,8,43,4781.3,regular
C02653,0.0132,0,25,4780.8,new
C02654,0.2061,45,6,1878.95,new
C02655,0.9973,251,5,217.59,at_risk
C02656,0.0011,6,120,27681.55,loyal
C02657,0.1699,41,6,1162.73,regular
C02659,0.7835,63,26,7956.82,occasional
C02660,0.9939,141,3,605.31,dormant
C02661,0.0952,19,50,13999.39,regular
C02662,0.0108,46,57,10523.55,new
C02663,0.0227,0,18,1735.08,regular
C02664,0.0127,2,78,21636.09,regular
C02665,0.0274,16,26,5475.63,loyal
C02666,0.4549,40,17,5042.08,at_risk
C02668,0.0297,16,24,3021.21,regular
C02669,0.032,31,8,570.74,new
C02670,0.1951,18,19,4592.43,occasional
C02671,0.1081,13,2,111.86999999999999,loyal
C02672,0.0053,1,222,46161.45,loyal
C02673,0.2439,51,12,2570.74,occasional
C02674,0.0127,4,79,16018.73,regular
C02675,0.0955,15,34,7651.3099999999995,regular
C02676,0.4507,73,3,933.95,occasional
C02677,0.0914,1,52,13283.96,regular
C02678,0.1842,34,5,307.93,occasional
C02679,0.0317,52,31,2654.31,regular
C02680,0.073,8,31,5435.22,regular
C02682,0.0383,0,31,5283.4800000000005,regular
C02683,0.0063,40,156,25061.12,loyal
C02685,0.999,267,7,804.5699999999999,dormant
C02686,0.0241,2,26,3887.0899999999997,new
C02687,0.01,17,60,15149.39,regular
C02688,0.3431,50,22,5571.26,occasional
C02689,0.1802,23,37,11289.539999999999,occasional
C02690,0.076,19,47,5474.94,new
C02691,0.0144,48,82,13888.6,regular
C02692,0.1128,24,14,3272.63,regular
C02693,0.0135,4,72,14266.46,regular
C02694,0.0028,1,75,20814.74,loyal
C02696,0.4294,69,5,1473.91,new
C02697,0.9985,453,2,213.19,dormant
C02698,0.0014,4,251,58278.09,loyal
C02699,0.4677,32,2,128.01,occasional
C02700,0.191,67,77,8953.52,regular
C02701,0.359,26,6,339.88,occasional
C02702,0.2639,56,8,324.71999999999997,occasional
C02703,0.0025,5,201,37263.99,loyal
C02704,0.3218,96,3,55.79,new
C02706,0.9965,515,12,2708.1,at_risk
C02707,0.8172,16,8,371.95,at_risk
C02709,0.0115,2,64,15037.75,regular
C02711,0.1861,13,2,2275.38,occasional
C02712,0.0027,19,47,8490.23,loyal
C02713,0.0045,2,67,17116.61,new
C02714,0.7407,9,18,9519.83,occasional
C02715,0.341,30,6,1285.8400000000001,occasional
C02718,0.1149,7,33,7290.22,regular
C02719,0.0073,7,86,20886.09,regular
C02721,0.9972,492,7,976.09,at_risk
C02722,0.9991,505,4,490.13,dormant
C02724,0.999,297,4,481.15000000000003,dormant
C02725,0.0227,43,48,8406.41,regular
C02726,0.3736,59,27,8469.76,occasional
C02727,0.0011,10,134,30890.17,loyal
C02729,0.997,374,5,1602.93,at_risk
C02730,0.5525,61,10,708.4,occasional
C02731,0.0229,25,50,15224.43,regular
C02732,0.0386,2,14,2038.3799999999999,new
C02733,0.9919,124,3,383.32,dormant
C02734,0.4136,53,14,3784.7799999999997,occasional
C02735,0.4154,16,7,1231.76,occasional
C02736,0.0819,32,24,4177.96,new
C02737,0.0127,33,66,14985.01,regular
C02738,0.1415,5,16,1910.1799999999998,new
C02739,0.0507,10,8,899.5,regular
C02740,0.0315,21,5,507.0799999999999,new
C02741,0.0015,1,180,28733.670000000002,loyal
C02742,0.0177,13,26,6336.98,regular
C02743,0.2545,8,24,6611.969999999999,occasional
C02744,0.4787,27,19,3101.8500000000004,occasional
C02745,0.0177,41,28,5776.91,new
C02746,0.999,468,3,256.23,dormant
C02748,0.0165,5,2,964.78,regular
C02749,0.0041,2,90,19932.06,regular
C02750,0.1893,6,30,4571.0599999999995,occasional
C02751,0.7858,78,13,1183.3600000000001,occasional
C02753,0.212,1,28,6601.0599999999995,new
C02754,0.022,1,39,9889.529999999999,loyal
C02755,0.5549,61,4,575.8,occasional
C02756,0.3839,46,5,487.13,occasional
C02757,0.247,37,24,5091.59,occasional
C02758,0.1025,5,67,10502.43,regular
C02759,0.031,4,51,10415.67,regular
C02760,0.2929,28,14,5155.240000000001,occasional
C02761,0.0842,33,10,825.07,regular
C02762,0.9971,590,15,1765.1100000000001,at_risk
C02763,0.0474,10,34,7666.860000000001,regular
C02764,0.2674,52,21,4824.5599999999995,occasional
C02765,0.3547,15,31,6858.86,occasional
C02766,0.016,20,54,11495.99,new
C02767,0.0123,19,65,11116.64,regular
C02768,0.0018,4,113,22591.85,loyal
C02769,0.0189,36,49,9093.83,regular
C02770,0.2824,8,16,3076.93,occasional
C02771,0.015,13,45,6812.13,regular
C02772,0.9642,83,8,623.73,at_risk
C02773,0.0262,29,4,795.46,regular
C02774,0.0018,2,137,25744.55,loyal
C02775,0.3551,8,10,1363.52,occasional
C02776,0.066,23,9,1506.0,new
C02777,0.198,12,7,1875.1200000000001,new
C02778,0.9987,633,6,758.48,at_risk
C02780,0.9981,581,10,1532.6399999999999,at_risk
C02782,0.0668,22,19,3205.01,regular
C02783,0.1203,0,16,2720.03,occasional
C02784,0.0725,25,38,11474.03,new
C02785,0.0119,0,3,196.28,regular
C02786,0.9947,653,6,2796.16,at_risk
C02787,0.1478,130,18,3380.45,occasional
C02789,0.0061,1,39,8708.47,loyal
C02790,0.9964,661,4,1838.22,at_risk
C02791,0.4353,12,8,614.34,new
C02793,0.0662,21,74,14826.83,regular
C02794,0.0009,12,146,39094.58,loyal
C02795,0.0008,6,150,30618.47,loyal
C02796,0.9992,662,12,1665.15,dormant
C02797,0.1821,0,20,2842.41,occasional
C02798,0.7063,1,69,14854.43,regular
C02799,0.0482,1,67,11773.18,regular
C02800,0.9987,426,6,3085.5699999999997,dormant
C02801,0.0146,34,38,7341.96,regular
C02802,0.9977,594,7,763.1800000000001,at_risk
C02803,0.0468,22,32,7269.22,regular
C02804,0.0026,3,191,33572.5,loyal
C02805,0.8947,43,14,5762.599999999999,at_risk
C02806,0.0027,5,183,42551.25,loyal
C02807,0.2092,19,5,1145.73,at_risk
C02808,0.0879,14,37,7386.4,regular
C02809,0.6072,9,11,1343.32,at_risk
C02810,0.9883,167,12,3572.15,at_risk
C02811,0.9969,503,4,934.88,at_risk
C02812,0.0014,2,87,25077.03,loyal
C02813,0.9966,490,13,1246.5,at_risk
C02814,0.999,688,6,4084.27,dormant
C02815,0.0499,38,36,13451.33,regular
C02816,0.0097,19,62,12459.460000000001,regular
C02817,0.0123,34,62,13479.62,new
C02818,0.0417,6,52,11276.41,regular
C02820,0.9959,260,12,6675.41,at_risk
C02821,0.0007,15,151,24796.920000000002,loyal
C02823,0.1254,145,27,5116.0599999999995,occasional
C02824,0.0099,53,53,11920.539999999999,regular
C02825,0.0168,16,14,1488.54,new
C02826,0.1513,5,27,8918.95,regular
C02827,0.0102,0,55,10356.64,regular
C02828,0.011,36,44,11144.98,new
C02829,0.0324,43,57,10561.68,regular
C02830,0.0104,12,67,14251.16,new
C02831,0.0009,0,213,43989.67,loyal
C02832,0.2437,83,2,968.91,occasional
C02833,0.0008,12,70,12360.19,loyal
C02834,0.9979,340,7,602.06,at_risk
C02835,0.162,14,6,497.15999999999997,new
C02836,0.0055,4,79,16113.01,new
C02837,0.9989,594,4,1695.72,dormant
C02838,0.9975,415,5,842.9499999999999,at_risk
C02839,0.1084,10,3,398.48,at_risk
C02840,0.4519,34,8,738.4499999999999,occasional
C02842,0.6114,14,20,2428.19,occasional
C02843,0.0399,7,7,1777.4299999999998,new
C02844,0.0424,9,46,4872.43,regular
C02845,0.6784,92,20,5477.549999999999,occasional
C02846,0.985,273,21,2988.95,at_risk
C02847,0.0852,1,68,12750.0,regular
C02848,0.014,51,7,751.3299999999999,regular
C02849,0.9457,51,4,190.98,dormant
C02850,0.2884,56,12,2535.02,occasional
C02851,0.0303,126,43,9116.19,regular
C02852,0.0382,4,59,14816.039999999999,regular
C02853,0.1962,2,17,2815.86,regular
C02854,0.2604,28,10,4469.26,occasional
C02855,0.9959,102,4,479.26,dormant
C02856,0.999,250,6,301.02000000000004,dormant
C02857,0.9978,633,13,1376.52,at_risk
C02858,0.9985,610,13,1217.79,at_risk
C02859,0.2666,5,12,1542.6100000000001,regular
C02860,0.0244,14,77,10425.36,new
C02862,0.0014,7,247,55740.549999999996,loyal
C02863,0.9957,182,2,22.15,dormant
C02865,0.1922,11,25,4951.21,regular
C02866,0.9986,714,7,631.81,at_risk
C02867,0.0788,38,3,124.35,occasional
C02868,0.0194,23,61,13389.0,regular
C02869,0.0135,21,42,5799.72,regular
C02871,0.6467,5,16,2305.5,occasional
C02872,0.0623,178,26,8426.82,occasional
C02873,0.2284,15,9,2023.58,occasional
C02874,0.0323,56,51,12569.869999999999,regular
C02876,0.5392,16,20,5603.139999999999,occasional
C02877,0.0355,10,46,7951.549999999999,new
C02878,0.0009,18,164,34006.98,loyal
C02879,0.4766,4,34,7691.49,occasional
C02881,0.0295,29,70,10699.92,regular
C02882,0.013,25,56,12485.49,regular
C02883,0.0526,28,37,9602.869999999999,regular
C02884,0.1095,32,12,2293.21,regular
C02885,0.6413,19,11,1280.25,occasional
C02886,0.0068,19,38,7369.13,regular
C02887,0.051,36,24,5586.49,regular
C02888,0.1362,34,2,68.14,occasional
C02889,0.0006,5,151,28121.89,loyal
C02890,0.0167,13,8,648.17,regular
C02891,0.2143,21,15,2859.19,at_risk
C02893,0.0219,15,7,907.3799999999999,regular
C02894,0.095,0,11,981.13,regular
C02895,0.0021,4,194,38849.42,loyal
C02896,0.4388,54,3,2528.5000000000005,occasional
C02897,0.0027,5,52,6299.75,loyal
C02898,0.0243,11,82,18659.09,regular
C02899,0.9958,171,3,121.8,dormant
C02900,0.9991,579,5,570.51,dormant
C02901,0.0404,30,31,7534.8,regular
C02902,0.0351,15,9,883.29,regular
C02903,0.1968,70,29,6823.68,occasional
C02904,0.0468,2,45,9310.57,new
C02905,0.0941,5,11,3134.9800000000005,new
C02906,0.0497,5,33,4870.0,regular
C02907,0.0964,4,63,10276.0,regular
C02908,0.3256,4,7,390.7,occasional
C02909,0.1827,18,8,3248.33,new
C02910,0.0398,13,2,109.14,new
C02911,0.0012,3,239,49835.02,loyal
C02913,0.0457,2,49,13083.2,regular
C02914,0.9978,414,6,605.08,at_risk
C02915,0.9985,469,8,1424.17,dormant
C02916,0.7981,46,12,5134.26,occasional
C02917,0.0057,4,66,9776.130000000001,loyal
C02918,0.221,31,10,2367.51,occasional
C02919,0.6447,18,25,5241.26,occasional
C02921,0.0256,6,43,7223.27,regular
C02922,0.0465,26,62,10365.14,new
C02923,0.0439,23,33,7200.76,regular
C02924,0.021,46,48,7999.9400000000005,regular
C02925,0.0039,7,45,7943.13,regular
C02926,0.0157,6,20,3347.85,loyal
C02927,0.0573,10,57,8990.38,regular
C02928,0.9966,565,2,732.14,at_risk
C02929,0.0338,11,33,6259.14,regular
C02930,0.0107,4,35,6137.41,loyal
C02931,0.0153,20,33,6981.62,regular
C02932,0.0012,15,150,40228.55,loyal
C02933,0.2918,10,12,6509.589999999999,new
C02935,0.0021,0,108,14540.88,loyal
C02936,0.1951,10,3,489.52,at_risk
C02937,0.8763,10,9,4143.45,at_risk
C02938,0.9985,515,10,2253.63,dormant
C02939,0.0159,42,58,13898.4,regular
C02940,0.2559,45,12,3188.3599999999997,regular
C02941,0.1221,19,27,4462.97,occasional
C02942,0.005,0,53,7678.88,new
C02943,0.9973,509,6,632.6999999999999,at_risk
C02944,0.4788,31,13,3705.1,occasional
C02945,0.0151,7,53,8774.25,regular
C02946,0.9467,147,15,1839.16,at_risk
C02947,0.5761,21,6,1744.6399999999999,new
C02949,0.9985,704,7,811.04,at_risk
C02950,0.5043,99,20,3362.02,occasional
C02951,0.4438,8,16,2953.97,occasional
C02952,0.1346,2,3,2184.25,occasional
C02953,0.1048,7,11,712.47,new
C02954,0.9987,489,9,1334.0,dormant
C02955,0.1601,114,11,1725.54,occasional
C02956,0.0353,0,29,4533.25,regular
C02957,0.0413,6,30,9003.0,regular
C02958,0.0185,9,48,5649.36,regular
C02959,0.0291,0,102,19608.98,regular
C02960,0.0008,21,131,22893.85,loyal
C02961,0.1976,51,15,2760.06,occasional
C02962,0.0519,10,12,2493.9500000000003,regular
C02963,0.0486,19,10,289.67,regular
C02964,0.1013,57,5,465.89,new
C02965,0.0598,20,108,20549.81,regular
C02967,0.9988,443,10,771.3000000000001,dormant
C02968,0.7161,8,17,2853.17,occasional
C02970,0.0401,13,4,2117.64,regular
C02971,0.7484,59,26,5062.11,occasional
C02972,0.1348,0,27,6966.400000000001,occasional
C02973,0.0585,1,9,1494.52,regular
C02974,0.4008,78,16,1207.15,occasional
C02975,0.201,63,21,2895.63,occasional
C02976,0.0286,0,45,7493.16,regular
C02977,0.0931,40,3,2057.72,occasional
C02978,0.0077,1,175,49338.72,loyal
C02979,0.0524,19,8,1230.75,regular
C02980,0.249,36,12,4724.38,new
C02981,0.0118,21,2,158.53,regular
C02982,0.746,0,14,750.99,occasional
C02983,0.1234,127,23,4252.5599999999995,occasional
C02984,0.0139,3,49,6868.58,regular
C02986,0.0217,19,30,4507.51,regular
C02987,0.0405,4,13,2574.48,regular
C02988,0.9912,87,4,446.21000000000004,dormant
C02989,0.9978,532,4,636.03,at_risk
C02990,0.8847,22,9,937.0799999999999,at_risk
C02991,0.0007,0,208,34870.01,loyal
C02992,0.0101,23,60,18723.51,regular
C02993,0.7741,6,28,3353.02,occasional
C02994,0.0511,14,36,5893.24,regular
C02996,0.0298,0,37,9063.95,new
C02997,0.0466,22,19,2469.23,regular
C02998,0.0025,1,237,50867.98,loyal
C02999,0.002,1,91,18907.3,loyal
C03000,0.2346,27,13,2812.17,occasional
